__id,component_id,sum,count,mean_distance,min_distance,max_distance
0,0,23.9331,24.0000,0.9972,0.9903,0.9997
1,1,0.0000,0.0000,0.0000,0.0000,0.0000
2,2,0.0000,0.0000,0.0000,0.0000,0.0000
3,3,0.0000,0.0000,0.0000,0.0000,0.0000
4,4,0.0000,0.0000,0.0000,0.0000,0.0000
5,5,0.0000,0.0000,0.0000,0.0000,0.0000
6,6,0.0000,0.0000,0.0000,0.0000,0.0000
7,7,0.0000,0.0000,0.0000,0.0000,0.0000
8,8,12.0000,12.0000,1.0000,1.0000,1.0000
9,9,12.0000,12.0000,1.0000,1.0000,1.0000
10,10,12.0000,12.0000,1.0000,1.0000,1.0000
11,11,12.0000,12.0000,1.0000,1.0000,1.0000
12,12,12.0000,12.0000,1.0000,1.0000,1.0000
13,9,12.0000,12.0000,1.0000,1.0000,1.0000
14,10,12.0000,12.0000,1.0000,1.0000,1.0000
15,11,12.0000,12.0000,1.0000,1.0000,1.0000
16,8,12.0000,12.0000,1.0000,1.0000,1.0000
17,12,12.0000,12.0000,1.0000,1.0000,1.0000
18,8,12.0000,12.0000,1.0000,1.0000,1.0000
19,12,12.0000,12.0000,1.0000,1.0000,1.0000
20,9,12.0000,12.0000,1.0000,1.0000,1.0000
21,11,12.0000,12.0000,1.0000,1.0000,1.0000
22,10,12.0000,12.0000,1.0000,1.0000,1.0000
23,13,0.0000,0.0000,0.0000,0.0000,0.0000
24,14,0.0000,0.0000,0.0000,0.0000,0.0000
25,15,0.0000,0.0000,0.0000,0.0000,0.0000
26,16,0.0000,0.0000,0.0000,0.0000,0.0000
27,17,7.7662,8.0000,0.9708,0.9660,0.9755
28,17,7.7662,8.0000,0.9708,0.9660,0.9755
29,17,7.7662,8.0000,0.9708,0.9660,0.9755
30,18,0.0000,0.0000,0.0000,0.0000,0.0000
31,19,538.6998,554.0000,0.9724,0.9601,1.0000
32,20,0.0000,0.0000,0.0000,0.0000,0.0000
33,21,0.0000,0.0000,0.0000,0.0000,0.0000
34,22,0.0000,0.0000,0.0000,0.0000,0.0000
35,23,38.7575,40.0000,0.9689,0.9602,0.9800
36,24,0.0000,0.0000,0.0000,0.0000,0.0000
37,25,0.0000,0.0000,0.0000,0.0000,0.0000
38,26,0.0000,0.0000,0.0000,0.0000,0.0000
39,27,0.0000,0.0000,0.0000,0.0000,0.0000
40,28,0.0000,0.0000,0.0000,0.0000,0.0000
41,29,0.0000,0.0000,0.0000,0.0000,0.0000
42,30,27.0355,28.0000,0.9656,0.9611,0.9743
43,30,27.0355,28.0000,0.9656,0.9611,0.9743
44,30,27.0355,28.0000,0.9656,0.9611,0.9743
45,31,0.0000,0.0000,0.0000,0.0000,0.0000
46,32,0.0000,0.0000,0.0000,0.0000,0.0000
47,33,0.0000,0.0000,0.0000,0.0000,0.0000
48,34,28.9337,30.0000,0.9645,0.9607,0.9731
49,35,3.9999,4.0000,1.0000,1.0000,1.0000
50,36,0.0000,0.0000,0.0000,0.0000,0.0000
51,37,12.0000,12.0000,1.0000,1.0000,1.0000
52,37,12.0000,12.0000,1.0000,1.0000,1.0000
53,38,0.0000,0.0000,0.0000,0.0000,0.0000
54,39,17.6789,18.0000,0.9822,0.9674,0.9935
55,39,17.6789,18.0000,0.9822,0.9674,0.9935
56,39,17.6789,18.0000,0.9822,0.9674,0.9935
57,39,17.6789,18.0000,0.9822,0.9674,0.9935
58,39,17.6789,18.0000,0.9822,0.9674,0.9935
59,37,12.0000,12.0000,1.0000,1.0000,1.0000
60,0,23.9331,24.0000,0.9972,0.9903,0.9997
61,40,3.9856,4.0000,0.9964,0.9964,0.9964
62,41,3.9969,4.0000,0.9992,0.9992,0.9992
63,42,0.0000,0.0000,0.0000,0.0000,0.0000
64,43,3.9934,4.0000,0.9984,0.9984,0.9984
65,19,538.6998,554.0000,0.9724,0.9601,1.0000
66,0,23.9331,24.0000,0.9972,0.9903,0.9997
67,0,23.9331,24.0000,0.9972,0.9903,0.9997
68,44,3.8509,4.0000,0.9627,0.9627,0.9627
69,45,15.9623,16.0000,0.9976,0.9906,1.0000
70,19,538.6998,554.0000,0.9724,0.9601,1.0000
71,46,4.0000,4.0000,1.0000,1.0000,1.0000
72,47,11.9379,12.0000,0.9948,0.9922,1.0000
73,45,15.9623,16.0000,0.9976,0.9906,1.0000
74,19,538.6998,554.0000,0.9724,0.9601,1.0000
75,46,4.0000,4.0000,1.0000,1.0000,1.0000
76,47,11.9379,12.0000,0.9948,0.9922,1.0000
77,19,538.6998,554.0000,0.9724,0.9601,1.0000
78,45,15.9623,16.0000,0.9976,0.9906,1.0000
79,0,23.9331,24.0000,0.9972,0.9903,0.9997
80,48,0.0000,0.0000,0.0000,0.0000,0.0000
81,49,19.8366,20.0000,0.9918,0.9857,0.9969
82,49,19.8366,20.0000,0.9918,0.9857,0.9969
83,49,19.8366,20.0000,0.9918,0.9857,0.9969
84,49,19.8366,20.0000,0.9918,0.9857,0.9969
85,50,0.0000,0.0000,0.0000,0.0000,0.0000
86,49,19.8366,20.0000,0.9918,0.9857,0.9969
87,51,11.7956,12.0000,0.9830,0.9738,0.9965
88,51,11.7956,12.0000,0.9830,0.9738,0.9965
89,51,11.7956,12.0000,0.9830,0.9738,0.9965
90,52,0.0000,0.0000,0.0000,0.0000,0.0000
91,53,0.0000,0.0000,0.0000,0.0000,0.0000
92,19,538.6998,554.0000,0.9724,0.9601,1.0000
93,54,0.0000,0.0000,0.0000,0.0000,0.0000
94,55,3.9769,4.0000,0.9942,0.9942,0.9942
95,55,3.9769,4.0000,0.9942,0.9942,0.9942
96,56,0.0000,0.0000,0.0000,0.0000,0.0000
97,57,3.9985,4.0000,0.9996,0.9996,0.9996
98,19,538.6998,554.0000,0.9724,0.9601,1.0000
99,58,0.0000,0.0000,0.0000,0.0000,0.0000
100,59,3.9301,4.0000,0.9825,0.9825,0.9825
101,59,3.9301,4.0000,0.9825,0.9825,0.9825
102,60,3.9852,4.0000,0.9963,0.9963,0.9963
103,61,0.0000,0.0000,0.0000,0.0000,0.0000
104,62,0.0000,0.0000,0.0000,0.0000,0.0000
105,63,0.0000,0.0000,0.0000,0.0000,0.0000
106,64,0.0000,0.0000,0.0000,0.0000,0.0000
107,65,0.0000,0.0000,0.0000,0.0000,0.0000
108,66,3.9873,4.0000,0.9968,0.9968,0.9968
109,67,0.0000,0.0000,0.0000,0.0000,0.0000
110,68,0.0000,0.0000,0.0000,0.0000,0.0000
111,69,0.0000,0.0000,0.0000,0.0000,0.0000
112,70,0.0000,0.0000,0.0000,0.0000,0.0000
113,71,0.0000,0.0000,0.0000,0.0000,0.0000
114,72,0.0000,0.0000,0.0000,0.0000,0.0000
115,35,3.9999,4.0000,1.0000,1.0000,1.0000
116,73,0.0000,0.0000,0.0000,0.0000,0.0000
117,74,0.0000,0.0000,0.0000,0.0000,0.0000
118,75,3.9830,4.0000,0.9958,0.9958,0.9958
119,75,3.9830,4.0000,0.9958,0.9958,0.9958
120,76,3.8691,4.0000,0.9673,0.9673,0.9673
121,77,0.0000,0.0000,0.0000,0.0000,0.0000
122,78,0.0000,0.0000,0.0000,0.0000,0.0000
123,79,0.0000,0.0000,0.0000,0.0000,0.0000
124,19,538.6998,554.0000,0.9724,0.9601,1.0000
125,80,0.0000,0.0000,0.0000,0.0000,0.0000
126,81,3.8484,4.0000,0.9621,0.9621,0.9621
127,82,0.0000,0.0000,0.0000,0.0000,0.0000
128,83,0.0000,0.0000,0.0000,0.0000,0.0000
129,84,0.0000,0.0000,0.0000,0.0000,0.0000
130,85,0.0000,0.0000,0.0000,0.0000,0.0000
131,86,0.0000,0.0000,0.0000,0.0000,0.0000
132,87,0.0000,0.0000,0.0000,0.0000,0.0000
133,88,0.0000,0.0000,0.0000,0.0000,0.0000
134,89,0.0000,0.0000,0.0000,0.0000,0.0000
135,90,0.0000,0.0000,0.0000,0.0000,0.0000
136,91,0.0000,0.0000,0.0000,0.0000,0.0000
137,92,0.0000,0.0000,0.0000,0.0000,0.0000
138,93,0.0000,0.0000,0.0000,0.0000,0.0000
139,94,3.8537,4.0000,0.9634,0.9634,0.9634
140,95,0.0000,0.0000,0.0000,0.0000,0.0000
141,94,3.8537,4.0000,0.9634,0.9634,0.9634
142,96,0.0000,0.0000,0.0000,0.0000,0.0000
143,81,3.8484,4.0000,0.9621,0.9621,0.9621
144,97,0.0000,0.0000,0.0000,0.0000,0.0000
145,98,0.0000,0.0000,0.0000,0.0000,0.0000
146,99,3.9168,4.0000,0.9792,0.9792,0.9792
147,100,3.8979,4.0000,0.9745,0.9745,0.9745
148,100,3.8979,4.0000,0.9745,0.9745,0.9745
149,101,3.9090,4.0000,0.9773,0.9773,0.9773
150,102,0.0000,0.0000,0.0000,0.0000,0.0000
151,101,3.9090,4.0000,0.9773,0.9773,0.9773
152,19,538.6998,554.0000,0.9724,0.9601,1.0000
153,19,538.6998,554.0000,0.9724,0.9601,1.0000
154,99,3.9168,4.0000,0.9792,0.9792,0.9792
155,103,0.0000,0.0000,0.0000,0.0000,0.0000
156,104,3.9004,4.0000,0.9751,0.9751,0.9751
157,104,3.9004,4.0000,0.9751,0.9751,0.9751
158,105,21.3291,22.0000,0.9695,0.9615,0.9734
159,76,3.8691,4.0000,0.9673,0.9673,0.9673
160,106,0.0000,0.0000,0.0000,0.0000,0.0000
161,107,0.0000,0.0000,0.0000,0.0000,0.0000
162,108,0.0000,0.0000,0.0000,0.0000,0.0000
163,109,0.0000,0.0000,0.0000,0.0000,0.0000
164,110,15.9801,16.0000,0.9988,0.9975,1.0000
165,111,15.9763,16.0000,0.9985,0.9966,1.0000
166,110,15.9801,16.0000,0.9988,0.9975,1.0000
167,112,0.0000,0.0000,0.0000,0.0000,0.0000
168,113,0.0000,0.0000,0.0000,0.0000,0.0000
169,114,0.0000,0.0000,0.0000,0.0000,0.0000
170,115,0.0000,0.0000,0.0000,0.0000,0.0000
171,116,0.0000,0.0000,0.0000,0.0000,0.0000
172,34,28.9337,30.0000,0.9645,0.9607,0.9731
173,117,3.8480,4.0000,0.9620,0.9620,0.9620
174,118,0.0000,0.0000,0.0000,0.0000,0.0000
175,119,0.0000,0.0000,0.0000,0.0000,0.0000
176,120,0.0000,0.0000,0.0000,0.0000,0.0000
177,105,21.3291,22.0000,0.9695,0.9615,0.9734
178,105,21.3291,22.0000,0.9695,0.9615,0.9734
179,121,19.5963,20.0000,0.9798,0.9714,0.9899
180,121,19.5963,20.0000,0.9798,0.9714,0.9899
181,122,0.0000,0.0000,0.0000,0.0000,0.0000
182,123,0.0000,0.0000,0.0000,0.0000,0.0000
183,121,19.5963,20.0000,0.9798,0.9714,0.9899
184,121,19.5963,20.0000,0.9798,0.9714,0.9899
185,105,21.3291,22.0000,0.9695,0.9615,0.9734
186,124,0.0000,0.0000,0.0000,0.0000,0.0000
187,125,0.0000,0.0000,0.0000,0.0000,0.0000
188,126,0.0000,0.0000,0.0000,0.0000,0.0000
189,127,0.0000,0.0000,0.0000,0.0000,0.0000
190,128,0.0000,0.0000,0.0000,0.0000,0.0000
191,129,11.5483,12.0000,0.9624,0.9607,0.9634
192,34,28.9337,30.0000,0.9645,0.9607,0.9731
193,130,0.0000,0.0000,0.0000,0.0000,0.0000
194,131,0.0000,0.0000,0.0000,0.0000,0.0000
195,132,0.0000,0.0000,0.0000,0.0000,0.0000
196,121,19.5963,20.0000,0.9798,0.9714,0.9899
197,133,0.0000,0.0000,0.0000,0.0000,0.0000
198,134,0.0000,0.0000,0.0000,0.0000,0.0000
199,135,0.0000,0.0000,0.0000,0.0000,0.0000
200,136,25.4058,26.0000,0.9771,0.9620,0.9842
201,105,21.3291,22.0000,0.9695,0.9615,0.9734
202,137,0.0000,0.0000,0.0000,0.0000,0.0000
203,138,0.0000,0.0000,0.0000,0.0000,0.0000
204,129,11.5483,12.0000,0.9624,0.9607,0.9634
205,139,0.0000,0.0000,0.0000,0.0000,0.0000
206,140,0.0000,0.0000,0.0000,0.0000,0.0000
207,129,11.5483,12.0000,0.9624,0.9607,0.9634
208,117,3.8480,4.0000,0.9620,0.9620,0.9620
209,141,0.0000,0.0000,0.0000,0.0000,0.0000
210,142,15.7174,16.0000,0.9823,0.9780,0.9867
211,142,15.7174,16.0000,0.9823,0.9780,0.9867
212,142,15.7174,16.0000,0.9823,0.9780,0.9867
213,143,3.8920,4.0000,0.9730,0.9730,0.9730
214,143,3.8920,4.0000,0.9730,0.9730,0.9730
215,136,25.4058,26.0000,0.9771,0.9620,0.9842
216,144,0.0000,0.0000,0.0000,0.0000,0.0000
217,142,15.7174,16.0000,0.9823,0.9780,0.9867
218,145,0.0000,0.0000,0.0000,0.0000,0.0000
219,129,11.5483,12.0000,0.9624,0.9607,0.9634
220,136,25.4058,26.0000,0.9771,0.9620,0.9842
221,136,25.4058,26.0000,0.9771,0.9620,0.9842
222,105,21.3291,22.0000,0.9695,0.9615,0.9734
223,146,3.9158,4.0000,0.9789,0.9789,0.9789
224,146,3.9158,4.0000,0.9789,0.9789,0.9789
225,136,25.4058,26.0000,0.9771,0.9620,0.9842
226,136,25.4058,26.0000,0.9771,0.9620,0.9842
227,136,25.4058,26.0000,0.9771,0.9620,0.9842
228,147,0.0000,0.0000,0.0000,0.0000,0.0000
229,148,0.0000,0.0000,0.0000,0.0000,0.0000
230,149,0.0000,0.0000,0.0000,0.0000,0.0000
231,150,0.0000,0.0000,0.0000,0.0000,0.0000
232,151,0.0000,0.0000,0.0000,0.0000,0.0000
233,152,0.0000,0.0000,0.0000,0.0000,0.0000
234,153,0.0000,0.0000,0.0000,0.0000,0.0000
235,154,0.0000,0.0000,0.0000,0.0000,0.0000
236,155,3.8847,4.0000,0.9712,0.9712,0.9712
237,155,3.8847,4.0000,0.9712,0.9712,0.9712
238,156,0.0000,0.0000,0.0000,0.0000,0.0000
239,157,11.6673,12.0000,0.9723,0.9665,0.9774
240,157,11.6673,12.0000,0.9723,0.9665,0.9774
241,157,11.6673,12.0000,0.9723,0.9665,0.9774
242,157,11.6673,12.0000,0.9723,0.9665,0.9774
243,19,538.6998,554.0000,0.9724,0.9601,1.0000
244,19,538.6998,554.0000,0.9724,0.9601,1.0000
245,19,538.6998,554.0000,0.9724,0.9601,1.0000
246,158,3.8835,4.0000,0.9709,0.9709,0.9709
247,159,0.0000,0.0000,0.0000,0.0000,0.0000
248,160,0.0000,0.0000,0.0000,0.0000,0.0000
249,161,0.0000,0.0000,0.0000,0.0000,0.0000
250,162,0.0000,0.0000,0.0000,0.0000,0.0000
251,163,0.0000,0.0000,0.0000,0.0000,0.0000
252,110,15.9801,16.0000,0.9988,0.9975,1.0000
253,158,3.8835,4.0000,0.9709,0.9709,0.9709
254,164,0.0000,0.0000,0.0000,0.0000,0.0000
255,165,7.7667,8.0000,0.9708,0.9671,0.9746
256,166,11.8574,12.0000,0.9881,0.9822,1.0000
257,111,15.9763,16.0000,0.9985,0.9966,1.0000
258,110,15.9801,16.0000,0.9988,0.9975,1.0000
259,167,0.0000,0.0000,0.0000,0.0000,0.0000
260,168,0.0000,0.0000,0.0000,0.0000,0.0000
261,169,0.0000,0.0000,0.0000,0.0000,0.0000
262,170,0.0000,0.0000,0.0000,0.0000,0.0000
263,171,0.0000,0.0000,0.0000,0.0000,0.0000
264,166,11.8574,12.0000,0.9881,0.9822,1.0000
265,19,538.6998,554.0000,0.9724,0.9601,1.0000
266,166,11.8574,12.0000,0.9881,0.9822,1.0000
267,34,28.9337,30.0000,0.9645,0.9607,0.9731
268,172,0.0000,0.0000,0.0000,0.0000,0.0000
269,173,0.0000,0.0000,0.0000,0.0000,0.0000
270,174,0.0000,0.0000,0.0000,0.0000,0.0000
271,175,0.0000,0.0000,0.0000,0.0000,0.0000
272,176,0.0000,0.0000,0.0000,0.0000,0.0000
273,177,21.3027,22.0000,0.9683,0.9601,0.9757
274,178,0.0000,0.0000,0.0000,0.0000,0.0000
275,179,0.0000,0.0000,0.0000,0.0000,0.0000
276,180,0.0000,0.0000,0.0000,0.0000,0.0000
277,181,0.0000,0.0000,0.0000,0.0000,0.0000
278,182,0.0000,0.0000,0.0000,0.0000,0.0000
279,183,43.0897,44.0000,0.9793,0.9630,0.9887
280,184,0.0000,0.0000,0.0000,0.0000,0.0000
281,185,0.0000,0.0000,0.0000,0.0000,0.0000
282,183,43.0897,44.0000,0.9793,0.9630,0.9887
283,183,43.0897,44.0000,0.9793,0.9630,0.9887
284,183,43.0897,44.0000,0.9793,0.9630,0.9887
285,183,43.0897,44.0000,0.9793,0.9630,0.9887
286,183,43.0897,44.0000,0.9793,0.9630,0.9887
287,183,43.0897,44.0000,0.9793,0.9630,0.9887
288,183,43.0897,44.0000,0.9793,0.9630,0.9887
289,183,43.0897,44.0000,0.9793,0.9630,0.9887
290,186,0.0000,0.0000,0.0000,0.0000,0.0000
291,19,538.6998,554.0000,0.9724,0.9601,1.0000
292,187,0.0000,0.0000,0.0000,0.0000,0.0000
293,188,0.0000,0.0000,0.0000,0.0000,0.0000
294,189,0.0000,0.0000,0.0000,0.0000,0.0000
295,190,27.4067,28.0000,0.9788,0.9633,0.9851
296,191,0.0000,0.0000,0.0000,0.0000,0.0000
297,190,27.4067,28.0000,0.9788,0.9633,0.9851
298,190,27.4067,28.0000,0.9788,0.9633,0.9851
299,190,27.4067,28.0000,0.9788,0.9633,0.9851
300,190,27.4067,28.0000,0.9788,0.9633,0.9851
301,190,27.4067,28.0000,0.9788,0.9633,0.9851
302,190,27.4067,28.0000,0.9788,0.9633,0.9851
303,192,0.0000,0.0000,0.0000,0.0000,0.0000
304,193,0.0000,0.0000,0.0000,0.0000,0.0000
305,194,0.0000,0.0000,0.0000,0.0000,0.0000
306,183,43.0897,44.0000,0.9793,0.9630,0.9887
307,183,43.0897,44.0000,0.9793,0.9630,0.9887
308,195,0.0000,0.0000,0.0000,0.0000,0.0000
309,196,0.0000,0.0000,0.0000,0.0000,0.0000
310,197,0.0000,0.0000,0.0000,0.0000,0.0000
311,198,0.0000,0.0000,0.0000,0.0000,0.0000
312,199,0.0000,0.0000,0.0000,0.0000,0.0000
313,200,0.0000,0.0000,0.0000,0.0000,0.0000
314,201,0.0000,0.0000,0.0000,0.0000,0.0000
315,202,0.0000,0.0000,0.0000,0.0000,0.0000
316,203,0.0000,0.0000,0.0000,0.0000,0.0000
317,19,538.6998,554.0000,0.9724,0.9601,1.0000
318,204,0.0000,0.0000,0.0000,0.0000,0.0000
319,205,0.0000,0.0000,0.0000,0.0000,0.0000
320,206,0.0000,0.0000,0.0000,0.0000,0.0000
321,207,11.8713,12.0000,0.9893,0.9838,0.9998
322,208,11.8498,12.0000,0.9875,0.9809,0.9998
323,209,64.9468,66.0000,0.9840,0.9602,0.9999
324,210,11.8750,12.0000,0.9896,0.9836,0.9996
325,211,11.8979,12.0000,0.9915,0.9871,0.9999
326,212,11.8827,12.0000,0.9902,0.9854,0.9998
327,209,64.9468,66.0000,0.9840,0.9602,0.9999
328,213,11.9325,12.0000,0.9944,0.9916,0.9997
329,214,0.0000,0.0000,0.0000,0.0000,0.0000
330,215,0.0000,0.0000,0.0000,0.0000,0.0000
331,216,11.9249,12.0000,0.9937,0.9903,0.9999
332,216,11.9249,12.0000,0.9937,0.9903,0.9999
333,213,11.9325,12.0000,0.9944,0.9916,0.9997
334,209,64.9468,66.0000,0.9840,0.9602,0.9999
335,212,11.8827,12.0000,0.9902,0.9854,0.9998
336,211,11.8979,12.0000,0.9915,0.9871,0.9999
337,210,11.8750,12.0000,0.9896,0.9836,0.9996
338,209,64.9468,66.0000,0.9840,0.9602,0.9999
339,208,11.8498,12.0000,0.9875,0.9809,0.9998
340,207,11.8713,12.0000,0.9893,0.9838,0.9998
341,217,3.8880,4.0000,0.9720,0.9720,0.9720
342,217,3.8880,4.0000,0.9720,0.9720,0.9720
343,218,0.0000,0.0000,0.0000,0.0000,0.0000
344,219,0.0000,0.0000,0.0000,0.0000,0.0000
345,23,38.7575,40.0000,0.9689,0.9602,0.9800
346,220,0.0000,0.0000,0.0000,0.0000,0.0000
347,221,39.3835,40.0000,0.9846,0.9701,1.0000
348,221,39.3835,40.0000,0.9846,0.9701,1.0000
349,221,39.3835,40.0000,0.9846,0.9701,1.0000
350,221,39.3835,40.0000,0.9846,0.9701,1.0000
351,221,39.3835,40.0000,0.9846,0.9701,1.0000
352,221,39.3835,40.0000,0.9846,0.9701,1.0000
353,222,0.0000,0.0000,0.0000,0.0000,0.0000
354,221,39.3835,40.0000,0.9846,0.9701,1.0000
355,221,39.3835,40.0000,0.9846,0.9701,1.0000
356,221,39.3835,40.0000,0.9846,0.9701,1.0000
357,221,39.3835,40.0000,0.9846,0.9701,1.0000
358,223,0.0000,0.0000,0.0000,0.0000,0.0000
359,224,0.0000,0.0000,0.0000,0.0000,0.0000
360,225,0.0000,0.0000,0.0000,0.0000,0.0000
361,226,0.0000,0.0000,0.0000,0.0000,0.0000
362,227,0.0000,0.0000,0.0000,0.0000,0.0000
363,228,0.0000,0.0000,0.0000,0.0000,0.0000
364,209,64.9468,66.0000,0.9840,0.9602,0.9999
365,229,0.0000,0.0000,0.0000,0.0000,0.0000
366,230,0.0000,0.0000,0.0000,0.0000,0.0000
367,231,0.0000,0.0000,0.0000,0.0000,0.0000
368,209,64.9468,66.0000,0.9840,0.9602,0.9999
369,209,64.9468,66.0000,0.9840,0.9602,0.9999
370,209,64.9468,66.0000,0.9840,0.9602,0.9999
371,209,64.9468,66.0000,0.9840,0.9602,0.9999
372,209,64.9468,66.0000,0.9840,0.9602,0.9999
373,209,64.9468,66.0000,0.9840,0.9602,0.9999
374,209,64.9468,66.0000,0.9840,0.9602,0.9999
375,209,64.9468,66.0000,0.9840,0.9602,0.9999
376,209,64.9468,66.0000,0.9840,0.9602,0.9999
377,209,64.9468,66.0000,0.9840,0.9602,0.9999
378,232,0.0000,0.0000,0.0000,0.0000,0.0000
379,19,538.6998,554.0000,0.9724,0.9601,1.0000
380,233,33.3591,34.0000,0.9812,0.9608,1.0000
381,19,538.6998,554.0000,0.9724,0.9601,1.0000
382,233,33.3591,34.0000,0.9812,0.9608,1.0000
383,234,0.0000,0.0000,0.0000,0.0000,0.0000
384,19,538.6998,554.0000,0.9724,0.9601,1.0000
385,19,538.6998,554.0000,0.9724,0.9601,1.0000
386,233,33.3591,34.0000,0.9812,0.9608,1.0000
387,233,33.3591,34.0000,0.9812,0.9608,1.0000
388,19,538.6998,554.0000,0.9724,0.9601,1.0000
389,19,538.6998,554.0000,0.9724,0.9601,1.0000
390,235,0.0000,0.0000,0.0000,0.0000,0.0000
391,236,0.0000,0.0000,0.0000,0.0000,0.0000
392,237,0.0000,0.0000,0.0000,0.0000,0.0000
393,233,33.3591,34.0000,0.9812,0.9608,1.0000
394,238,15.5796,16.0000,0.9737,0.9728,0.9741
395,239,0.0000,0.0000,0.0000,0.0000,0.0000
396,240,0.0000,0.0000,0.0000,0.0000,0.0000
397,241,0.0000,0.0000,0.0000,0.0000,0.0000
398,242,9.6726,10.0000,0.9673,0.9604,0.9770
399,243,0.0000,0.0000,0.0000,0.0000,0.0000
400,233,33.3591,34.0000,0.9812,0.9608,1.0000
401,244,11.5984,12.0000,0.9665,0.9615,0.9746
402,244,11.5984,12.0000,0.9665,0.9615,0.9746
403,19,538.6998,554.0000,0.9724,0.9601,1.0000
404,19,538.6998,554.0000,0.9724,0.9601,1.0000
405,245,0.0000,0.0000,0.0000,0.0000,0.0000
406,246,0.0000,0.0000,0.0000,0.0000,0.0000
407,238,15.5796,16.0000,0.9737,0.9728,0.9741
408,233,33.3591,34.0000,0.9812,0.9608,1.0000
409,244,11.5984,12.0000,0.9665,0.9615,0.9746
410,247,0.0000,0.0000,0.0000,0.0000,0.0000
411,19,538.6998,554.0000,0.9724,0.9601,1.0000
412,19,538.6998,554.0000,0.9724,0.9601,1.0000
413,238,15.5796,16.0000,0.9737,0.9728,0.9741
414,233,33.3591,34.0000,0.9812,0.9608,1.0000
415,248,4.0000,4.0000,1.0000,1.0000,1.0000
416,248,4.0000,4.0000,1.0000,1.0000,1.0000
417,249,0.0000,0.0000,0.0000,0.0000,0.0000
418,250,0.0000,0.0000,0.0000,0.0000,0.0000
419,19,538.6998,554.0000,0.9724,0.9601,1.0000
420,251,0.0000,0.0000,0.0000,0.0000,0.0000
421,252,0.0000,0.0000,0.0000,0.0000,0.0000
422,253,0.0000,0.0000,0.0000,0.0000,0.0000
423,254,0.0000,0.0000,0.0000,0.0000,0.0000
424,255,0.0000,0.0000,0.0000,0.0000,0.0000
425,256,0.0000,0.0000,0.0000,0.0000,0.0000
426,257,0.0000,0.0000,0.0000,0.0000,0.0000
427,258,0.0000,0.0000,0.0000,0.0000,0.0000
428,259,0.0000,0.0000,0.0000,0.0000,0.0000
429,260,0.0000,0.0000,0.0000,0.0000,0.0000
430,261,0.0000,0.0000,0.0000,0.0000,0.0000
431,262,0.0000,0.0000,0.0000,0.0000,0.0000
432,263,0.0000,0.0000,0.0000,0.0000,0.0000
433,264,0.0000,0.0000,0.0000,0.0000,0.0000
434,265,0.0000,0.0000,0.0000,0.0000,0.0000
435,266,0.0000,0.0000,0.0000,0.0000,0.0000
436,267,0.0000,0.0000,0.0000,0.0000,0.0000
437,268,0.0000,0.0000,0.0000,0.0000,0.0000
438,269,0.0000,0.0000,0.0000,0.0000,0.0000
439,270,0.0000,0.0000,0.0000,0.0000,0.0000
440,271,0.0000,0.0000,0.0000,0.0000,0.0000
441,272,0.0000,0.0000,0.0000,0.0000,0.0000
442,273,3.8933,4.0000,0.9733,0.9733,0.9733
443,273,3.8933,4.0000,0.9733,0.9733,0.9733
444,274,0.0000,0.0000,0.0000,0.0000,0.0000
445,165,7.7667,8.0000,0.9708,0.9671,0.9746
446,275,0.0000,0.0000,0.0000,0.0000,0.0000
447,276,0.0000,0.0000,0.0000,0.0000,0.0000
448,277,0.0000,0.0000,0.0000,0.0000,0.0000
449,278,0.0000,0.0000,0.0000,0.0000,0.0000
450,279,0.0000,0.0000,0.0000,0.0000,0.0000
451,280,3.8432,4.0000,0.9608,0.9608,0.9608
452,280,3.8432,4.0000,0.9608,0.9608,0.9608
453,281,0.0000,0.0000,0.0000,0.0000,0.0000
454,282,0.0000,0.0000,0.0000,0.0000,0.0000
455,283,0.0000,0.0000,0.0000,0.0000,0.0000
456,284,0.0000,0.0000,0.0000,0.0000,0.0000
457,285,35.0104,36.0000,0.9725,0.9611,0.9797
458,285,35.0104,36.0000,0.9725,0.9611,0.9797
459,285,35.0104,36.0000,0.9725,0.9611,0.9797
460,285,35.0104,36.0000,0.9725,0.9611,0.9797
461,285,35.0104,36.0000,0.9725,0.9611,0.9797
462,285,35.0104,36.0000,0.9725,0.9611,0.9797
463,285,35.0104,36.0000,0.9725,0.9611,0.9797
464,286,0.0000,0.0000,0.0000,0.0000,0.0000
465,285,35.0104,36.0000,0.9725,0.9611,0.9797
466,285,35.0104,36.0000,0.9725,0.9611,0.9797
467,287,0.0000,0.0000,0.0000,0.0000,0.0000
468,288,0.0000,0.0000,0.0000,0.0000,0.0000
469,289,0.0000,0.0000,0.0000,0.0000,0.0000
470,290,0.0000,0.0000,0.0000,0.0000,0.0000
471,291,0.0000,0.0000,0.0000,0.0000,0.0000
472,292,0.0000,0.0000,0.0000,0.0000,0.0000
473,293,0.0000,0.0000,0.0000,0.0000,0.0000
474,294,0.0000,0.0000,0.0000,0.0000,0.0000
475,295,0.0000,0.0000,0.0000,0.0000,0.0000
476,285,35.0104,36.0000,0.9725,0.9611,0.9797
477,296,0.0000,0.0000,0.0000,0.0000,0.0000
478,297,3.8453,4.0000,0.9613,0.9613,0.9613
479,297,3.8453,4.0000,0.9613,0.9613,0.9613
480,298,0.0000,0.0000,0.0000,0.0000,0.0000
481,299,0.0000,0.0000,0.0000,0.0000,0.0000
482,300,0.0000,0.0000,0.0000,0.0000,0.0000
483,19,538.6998,554.0000,0.9724,0.9601,1.0000
484,301,0.0000,0.0000,0.0000,0.0000,0.0000
485,302,3.8951,4.0000,0.9738,0.9738,0.9738
486,19,538.6998,554.0000,0.9724,0.9601,1.0000
487,19,538.6998,554.0000,0.9724,0.9601,1.0000
488,302,3.8951,4.0000,0.9738,0.9738,0.9738
489,19,538.6998,554.0000,0.9724,0.9601,1.0000
490,19,538.6998,554.0000,0.9724,0.9601,1.0000
491,19,538.6998,554.0000,0.9724,0.9601,1.0000
492,19,538.6998,554.0000,0.9724,0.9601,1.0000
493,303,0.0000,0.0000,0.0000,0.0000,0.0000
494,304,0.0000,0.0000,0.0000,0.0000,0.0000
495,305,0.0000,0.0000,0.0000,0.0000,0.0000
496,19,538.6998,554.0000,0.9724,0.9601,1.0000
497,19,538.6998,554.0000,0.9724,0.9601,1.0000
498,19,538.6998,554.0000,0.9724,0.9601,1.0000
499,19,538.6998,554.0000,0.9724,0.9601,1.0000
500,19,538.6998,554.0000,0.9724,0.9601,1.0000
501,19,538.6998,554.0000,0.9724,0.9601,1.0000
502,19,538.6998,554.0000,0.9724,0.9601,1.0000
503,19,538.6998,554.0000,0.9724,0.9601,1.0000
504,306,0.0000,0.0000,0.0000,0.0000,0.0000
505,307,0.0000,0.0000,0.0000,0.0000,0.0000
506,19,538.6998,554.0000,0.9724,0.9601,1.0000
507,308,19.5972,20.0000,0.9799,0.9612,0.9884
508,309,0.0000,0.0000,0.0000,0.0000,0.0000
509,308,19.5972,20.0000,0.9799,0.9612,0.9884
510,308,19.5972,20.0000,0.9799,0.9612,0.9884
511,310,0.0000,0.0000,0.0000,0.0000,0.0000
512,308,19.5972,20.0000,0.9799,0.9612,0.9884
513,311,0.0000,0.0000,0.0000,0.0000,0.0000
514,308,19.5972,20.0000,0.9799,0.9612,0.9884
515,19,538.6998,554.0000,0.9724,0.9601,1.0000
516,312,0.0000,0.0000,0.0000,0.0000,0.0000
517,313,0.0000,0.0000,0.0000,0.0000,0.0000
518,314,0.0000,0.0000,0.0000,0.0000,0.0000
519,315,3.8489,4.0000,0.9622,0.9622,0.9622
520,316,0.0000,0.0000,0.0000,0.0000,0.0000
521,165,7.7667,8.0000,0.9708,0.9671,0.9746
522,317,0.0000,0.0000,0.0000,0.0000,0.0000
523,318,0.0000,0.0000,0.0000,0.0000,0.0000
524,319,0.0000,0.0000,0.0000,0.0000,0.0000
525,19,538.6998,554.0000,0.9724,0.9601,1.0000
526,320,0.0000,0.0000,0.0000,0.0000,0.0000
527,321,0.0000,0.0000,0.0000,0.0000,0.0000
528,322,3.9997,4.0000,0.9999,0.9999,0.9999
529,322,3.9997,4.0000,0.9999,0.9999,0.9999
530,323,0.0000,0.0000,0.0000,0.0000,0.0000
531,324,0.0000,0.0000,0.0000,0.0000,0.0000
532,325,0.0000,0.0000,0.0000,0.0000,0.0000
533,326,0.0000,0.0000,0.0000,0.0000,0.0000
534,327,0.0000,0.0000,0.0000,0.0000,0.0000
535,328,4.0000,4.0000,1.0000,1.0000,1.0000
536,329,0.0000,0.0000,0.0000,0.0000,0.0000
537,330,0.0000,0.0000,0.0000,0.0000,0.0000
538,328,4.0000,4.0000,1.0000,1.0000,1.0000
539,331,0.0000,0.0000,0.0000,0.0000,0.0000
540,332,23.6658,24.0000,0.9861,0.9744,1.0000
541,333,19.6724,20.0000,0.9836,0.9715,1.0000
542,333,19.6724,20.0000,0.9836,0.9715,1.0000
543,332,23.6658,24.0000,0.9861,0.9744,1.0000
544,332,23.6658,24.0000,0.9861,0.9744,1.0000
545,333,19.6724,20.0000,0.9836,0.9715,1.0000
546,333,19.6724,20.0000,0.9836,0.9715,1.0000
547,332,23.6658,24.0000,0.9861,0.9744,1.0000
548,332,23.6658,24.0000,0.9861,0.9744,1.0000
549,334,0.0000,0.0000,0.0000,0.0000,0.0000
550,335,0.0000,0.0000,0.0000,0.0000,0.0000
551,336,0.0000,0.0000,0.0000,0.0000,0.0000
552,337,0.0000,0.0000,0.0000,0.0000,0.0000
553,338,0.0000,0.0000,0.0000,0.0000,0.0000
554,339,0.0000,0.0000,0.0000,0.0000,0.0000
555,340,0.0000,0.0000,0.0000,0.0000,0.0000
556,341,0.0000,0.0000,0.0000,0.0000,0.0000
557,342,0.0000,0.0000,0.0000,0.0000,0.0000
558,343,0.0000,0.0000,0.0000,0.0000,0.0000
559,344,0.0000,0.0000,0.0000,0.0000,0.0000
560,345,0.0000,0.0000,0.0000,0.0000,0.0000
561,346,0.0000,0.0000,0.0000,0.0000,0.0000
562,347,0.0000,0.0000,0.0000,0.0000,0.0000
563,348,0.0000,0.0000,0.0000,0.0000,0.0000
564,349,0.0000,0.0000,0.0000,0.0000,0.0000
565,350,0.0000,0.0000,0.0000,0.0000,0.0000
566,351,0.0000,0.0000,0.0000,0.0000,0.0000
567,30,27.0355,28.0000,0.9656,0.9611,0.9743
568,315,3.8489,4.0000,0.9622,0.9622,0.9622
569,352,0.0000,0.0000,0.0000,0.0000,0.0000
570,353,0.0000,0.0000,0.0000,0.0000,0.0000
571,354,15.7796,16.0000,0.9862,0.9725,0.9999
572,354,15.7796,16.0000,0.9862,0.9725,0.9999
573,354,15.7796,16.0000,0.9862,0.9725,0.9999
574,354,15.7796,16.0000,0.9862,0.9725,0.9999
575,355,0.0000,0.0000,0.0000,0.0000,0.0000
576,356,0.0000,0.0000,0.0000,0.0000,0.0000
577,357,0.0000,0.0000,0.0000,0.0000,0.0000
578,358,13.6403,14.0000,0.9743,0.9602,0.9907
579,359,0.0000,0.0000,0.0000,0.0000,0.0000
580,360,0.0000,0.0000,0.0000,0.0000,0.0000
581,361,0.0000,0.0000,0.0000,0.0000,0.0000
582,362,0.0000,0.0000,0.0000,0.0000,0.0000
583,363,0.0000,0.0000,0.0000,0.0000,0.0000
584,364,0.0000,0.0000,0.0000,0.0000,0.0000
585,365,0.0000,0.0000,0.0000,0.0000,0.0000
586,366,0.0000,0.0000,0.0000,0.0000,0.0000
587,367,0.0000,0.0000,0.0000,0.0000,0.0000
588,368,0.0000,0.0000,0.0000,0.0000,0.0000
589,369,0.0000,0.0000,0.0000,0.0000,0.0000
590,370,0.0000,0.0000,0.0000,0.0000,0.0000
591,371,0.0000,0.0000,0.0000,0.0000,0.0000
592,372,0.0000,0.0000,0.0000,0.0000,0.0000
593,19,538.6998,554.0000,0.9724,0.9601,1.0000
594,373,0.0000,0.0000,0.0000,0.0000,0.0000
595,374,0.0000,0.0000,0.0000,0.0000,0.0000
596,19,538.6998,554.0000,0.9724,0.9601,1.0000
597,375,0.0000,0.0000,0.0000,0.0000,0.0000
598,376,0.0000,0.0000,0.0000,0.0000,0.0000
599,377,0.0000,0.0000,0.0000,0.0000,0.0000
600,378,0.0000,0.0000,0.0000,0.0000,0.0000
601,379,0.0000,0.0000,0.0000,0.0000,0.0000
602,380,3.8970,4.0000,0.9742,0.9742,0.9742
603,381,0.0000,0.0000,0.0000,0.0000,0.0000
604,382,0.0000,0.0000,0.0000,0.0000,0.0000
605,383,0.0000,0.0000,0.0000,0.0000,0.0000
606,384,0.0000,0.0000,0.0000,0.0000,0.0000
607,385,0.0000,0.0000,0.0000,0.0000,0.0000
608,386,0.0000,0.0000,0.0000,0.0000,0.0000
609,387,0.0000,0.0000,0.0000,0.0000,0.0000
610,388,0.0000,0.0000,0.0000,0.0000,0.0000
611,380,3.8970,4.0000,0.9742,0.9742,0.9742
612,389,0.0000,0.0000,0.0000,0.0000,0.0000
613,390,0.0000,0.0000,0.0000,0.0000,0.0000
614,391,4.0000,4.0000,1.0000,1.0000,1.0000
615,392,0.0000,0.0000,0.0000,0.0000,0.0000
616,393,0.0000,0.0000,0.0000,0.0000,0.0000
617,394,0.0000,0.0000,0.0000,0.0000,0.0000
618,391,4.0000,4.0000,1.0000,1.0000,1.0000
619,395,0.0000,0.0000,0.0000,0.0000,0.0000
620,396,0.0000,0.0000,0.0000,0.0000,0.0000
621,397,0.0000,0.0000,0.0000,0.0000,0.0000
622,398,0.0000,0.0000,0.0000,0.0000,0.0000
623,399,0.0000,0.0000,0.0000,0.0000,0.0000
624,400,0.0000,0.0000,0.0000,0.0000,0.0000
625,401,0.0000,0.0000,0.0000,0.0000,0.0000
626,402,0.0000,0.0000,0.0000,0.0000,0.0000
627,403,4.0000,4.0000,1.0000,1.0000,1.0000
628,403,4.0000,4.0000,1.0000,1.0000,1.0000
629,404,0.0000,0.0000,0.0000,0.0000,0.0000
630,405,0.0000,0.0000,0.0000,0.0000,0.0000
631,406,3.8998,4.0000,0.9749,0.9749,0.9749
632,406,3.8998,4.0000,0.9749,0.9749,0.9749
633,407,0.0000,0.0000,0.0000,0.0000,0.0000
634,408,0.0000,0.0000,0.0000,0.0000,0.0000
635,409,0.0000,0.0000,0.0000,0.0000,0.0000
636,410,0.0000,0.0000,0.0000,0.0000,0.0000
637,411,0.0000,0.0000,0.0000,0.0000,0.0000
638,412,0.0000,0.0000,0.0000,0.0000,0.0000
639,413,0.0000,0.0000,0.0000,0.0000,0.0000
640,414,0.0000,0.0000,0.0000,0.0000,0.0000
641,415,0.0000,0.0000,0.0000,0.0000,0.0000
642,416,0.0000,0.0000,0.0000,0.0000,0.0000
643,417,0.0000,0.0000,0.0000,0.0000,0.0000
644,418,11.8885,12.0000,0.9907,0.9865,0.9988
645,419,13.7315,14.0000,0.9808,0.9658,0.9962
646,419,13.7315,14.0000,0.9808,0.9658,0.9962
647,419,13.7315,14.0000,0.9808,0.9658,0.9962
648,418,11.8885,12.0000,0.9907,0.9865,0.9988
649,420,0.0000,0.0000,0.0000,0.0000,0.0000
650,418,11.8885,12.0000,0.9907,0.9865,0.9988
651,421,0.0000,0.0000,0.0000,0.0000,0.0000
652,358,13.6403,14.0000,0.9743,0.9602,0.9907
653,358,13.6403,14.0000,0.9743,0.9602,0.9907
654,422,0.0000,0.0000,0.0000,0.0000,0.0000
655,358,13.6403,14.0000,0.9743,0.9602,0.9907
656,423,0.0000,0.0000,0.0000,0.0000,0.0000
657,19,538.6998,554.0000,0.9724,0.9601,1.0000
658,424,0.0000,0.0000,0.0000,0.0000,0.0000
659,425,0.0000,0.0000,0.0000,0.0000,0.0000
660,426,0.0000,0.0000,0.0000,0.0000,0.0000
661,427,0.0000,0.0000,0.0000,0.0000,0.0000
662,428,0.0000,0.0000,0.0000,0.0000,0.0000
663,429,0.0000,0.0000,0.0000,0.0000,0.0000
664,430,0.0000,0.0000,0.0000,0.0000,0.0000
665,431,0.0000,0.0000,0.0000,0.0000,0.0000
666,432,0.0000,0.0000,0.0000,0.0000,0.0000
667,433,7.7397,8.0000,0.9675,0.9655,0.9694
668,433,7.7397,8.0000,0.9675,0.9655,0.9694
669,433,7.7397,8.0000,0.9675,0.9655,0.9694
670,434,0.0000,0.0000,0.0000,0.0000,0.0000
671,435,3.8880,4.0000,0.9720,0.9720,0.9720
672,435,3.8880,4.0000,0.9720,0.9720,0.9720
673,436,39.3646,40.0000,0.9841,0.9688,1.0000
674,436,39.3646,40.0000,0.9841,0.9688,1.0000
675,437,13.5785,14.0000,0.9699,0.9615,0.9737
676,437,13.5785,14.0000,0.9699,0.9615,0.9737
677,436,39.3646,40.0000,0.9841,0.9688,1.0000
678,436,39.3646,40.0000,0.9841,0.9688,1.0000
679,436,39.3646,40.0000,0.9841,0.9688,1.0000
680,437,13.5785,14.0000,0.9699,0.9615,0.9737
681,436,39.3646,40.0000,0.9841,0.9688,1.0000
682,438,3.8899,4.0000,0.9725,0.9725,0.9725
683,436,39.3646,40.0000,0.9841,0.9688,1.0000
684,439,0.0000,0.0000,0.0000,0.0000,0.0000
685,440,0.0000,0.0000,0.0000,0.0000,0.0000
686,441,0.0000,0.0000,0.0000,0.0000,0.0000
687,442,3.8599,4.0000,0.9650,0.9650,0.9650
688,443,3.8832,4.0000,0.9708,0.9708,0.9708
689,437,13.5785,14.0000,0.9699,0.9615,0.9737
690,436,39.3646,40.0000,0.9841,0.9688,1.0000
691,436,39.3646,40.0000,0.9841,0.9688,1.0000
692,436,39.3646,40.0000,0.9841,0.9688,1.0000
693,444,3.9724,4.0000,0.9931,0.9931,0.9931
694,445,0.0000,0.0000,0.0000,0.0000,0.0000
695,446,0.0000,0.0000,0.0000,0.0000,0.0000
696,447,0.0000,0.0000,0.0000,0.0000,0.0000
697,448,0.0000,0.0000,0.0000,0.0000,0.0000
698,442,3.8599,4.0000,0.9650,0.9650,0.9650
699,444,3.9724,4.0000,0.9931,0.9931,0.9931
700,34,28.9337,30.0000,0.9645,0.9607,0.9731
701,449,0.0000,0.0000,0.0000,0.0000,0.0000
702,450,0.0000,0.0000,0.0000,0.0000,0.0000
703,443,3.8832,4.0000,0.9708,0.9708,0.9708
704,451,0.0000,0.0000,0.0000,0.0000,0.0000
705,452,0.0000,0.0000,0.0000,0.0000,0.0000
706,438,3.8899,4.0000,0.9725,0.9725,0.9725
707,453,0.0000,0.0000,0.0000,0.0000,0.0000
708,454,0.0000,0.0000,0.0000,0.0000,0.0000
709,455,0.0000,0.0000,0.0000,0.0000,0.0000
710,456,0.0000,0.0000,0.0000,0.0000,0.0000
711,457,0.0000,0.0000,0.0000,0.0000,0.0000
712,19,538.6998,554.0000,0.9724,0.9601,1.0000
713,458,0.0000,0.0000,0.0000,0.0000,0.0000
714,459,0.0000,0.0000,0.0000,0.0000,0.0000
715,19,538.6998,554.0000,0.9724,0.9601,1.0000
716,19,538.6998,554.0000,0.9724,0.9601,1.0000
717,19,538.6998,554.0000,0.9724,0.9601,1.0000
718,19,538.6998,554.0000,0.9724,0.9601,1.0000
719,460,0.0000,0.0000,0.0000,0.0000,0.0000
720,461,0.0000,0.0000,0.0000,0.0000,0.0000
721,462,0.0000,0.0000,0.0000,0.0000,0.0000
722,463,0.0000,0.0000,0.0000,0.0000,0.0000
723,464,0.0000,0.0000,0.0000,0.0000,0.0000
724,465,0.0000,0.0000,0.0000,0.0000,0.0000
725,466,3.8903,4.0000,0.9726,0.9726,0.9726
726,466,3.8903,4.0000,0.9726,0.9726,0.9726
727,419,13.7315,14.0000,0.9808,0.9658,0.9962
728,467,0.0000,0.0000,0.0000,0.0000,0.0000
729,468,11.9910,12.0000,0.9992,0.9990,0.9996
730,468,11.9910,12.0000,0.9992,0.9990,0.9996
731,468,11.9910,12.0000,0.9992,0.9990,0.9996
732,469,0.0000,0.0000,0.0000,0.0000,0.0000
733,470,0.0000,0.0000,0.0000,0.0000,0.0000
734,471,0.0000,0.0000,0.0000,0.0000,0.0000
735,472,0.0000,0.0000,0.0000,0.0000,0.0000
736,473,3.9570,4.0000,0.9892,0.9892,0.9892
737,474,0.0000,0.0000,0.0000,0.0000,0.0000
738,473,3.9570,4.0000,0.9892,0.9892,0.9892
739,19,538.6998,554.0000,0.9724,0.9601,1.0000
740,475,0.0000,0.0000,0.0000,0.0000,0.0000
741,476,0.0000,0.0000,0.0000,0.0000,0.0000
742,477,13.5636,14.0000,0.9688,0.9634,0.9731
743,477,13.5636,14.0000,0.9688,0.9634,0.9731
744,477,13.5636,14.0000,0.9688,0.9634,0.9731
745,477,13.5636,14.0000,0.9688,0.9634,0.9731
746,19,538.6998,554.0000,0.9724,0.9601,1.0000
747,19,538.6998,554.0000,0.9724,0.9601,1.0000
748,478,0.0000,0.0000,0.0000,0.0000,0.0000
749,23,38.7575,40.0000,0.9689,0.9602,0.9800
750,479,0.0000,0.0000,0.0000,0.0000,0.0000
751,480,0.0000,0.0000,0.0000,0.0000,0.0000
752,481,0.0000,0.0000,0.0000,0.0000,0.0000
753,482,0.0000,0.0000,0.0000,0.0000,0.0000
754,483,0.0000,0.0000,0.0000,0.0000,0.0000
755,484,0.0000,0.0000,0.0000,0.0000,0.0000
756,19,538.6998,554.0000,0.9724,0.9601,1.0000
757,485,0.0000,0.0000,0.0000,0.0000,0.0000
758,486,3.9036,4.0000,0.9759,0.9759,0.9759
759,487,0.0000,0.0000,0.0000,0.0000,0.0000
760,486,3.9036,4.0000,0.9759,0.9759,0.9759
761,488,0.0000,0.0000,0.0000,0.0000,0.0000
762,489,0.0000,0.0000,0.0000,0.0000,0.0000
763,490,0.0000,0.0000,0.0000,0.0000,0.0000
764,491,0.0000,0.0000,0.0000,0.0000,0.0000
765,492,0.0000,0.0000,0.0000,0.0000,0.0000
766,333,19.6724,20.0000,0.9836,0.9715,1.0000
767,493,0.0000,0.0000,0.0000,0.0000,0.0000
768,177,21.3027,22.0000,0.9683,0.9601,0.9757
769,494,0.0000,0.0000,0.0000,0.0000,0.0000
770,495,0.0000,0.0000,0.0000,0.0000,0.0000
771,496,0.0000,0.0000,0.0000,0.0000,0.0000
772,19,538.6998,554.0000,0.9724,0.9601,1.0000
773,497,0.0000,0.0000,0.0000,0.0000,0.0000
774,498,0.0000,0.0000,0.0000,0.0000,0.0000
775,499,0.0000,0.0000,0.0000,0.0000,0.0000
776,500,0.0000,0.0000,0.0000,0.0000,0.0000
777,501,0.0000,0.0000,0.0000,0.0000,0.0000
778,502,0.0000,0.0000,0.0000,0.0000,0.0000
779,19,538.6998,554.0000,0.9724,0.9601,1.0000
780,503,0.0000,0.0000,0.0000,0.0000,0.0000
781,504,0.0000,0.0000,0.0000,0.0000,0.0000
782,505,0.0000,0.0000,0.0000,0.0000,0.0000
783,506,4.0000,4.0000,1.0000,1.0000,1.0000
784,506,4.0000,4.0000,1.0000,1.0000,1.0000
785,507,0.0000,0.0000,0.0000,0.0000,0.0000
786,508,0.0000,0.0000,0.0000,0.0000,0.0000
787,509,0.0000,0.0000,0.0000,0.0000,0.0000
788,510,0.0000,0.0000,0.0000,0.0000,0.0000
789,19,538.6998,554.0000,0.9724,0.9601,1.0000
790,511,0.0000,0.0000,0.0000,0.0000,0.0000
791,19,538.6998,554.0000,0.9724,0.9601,1.0000
792,512,0.0000,0.0000,0.0000,0.0000,0.0000
793,19,538.6998,554.0000,0.9724,0.9601,1.0000
794,513,0.0000,0.0000,0.0000,0.0000,0.0000
795,514,0.0000,0.0000,0.0000,0.0000,0.0000
796,515,0.0000,0.0000,0.0000,0.0000,0.0000
797,516,0.0000,0.0000,0.0000,0.0000,0.0000
798,517,4.0000,4.0000,1.0000,1.0000,1.0000
799,19,538.6998,554.0000,0.9724,0.9601,1.0000
800,518,0.0000,0.0000,0.0000,0.0000,0.0000
801,519,0.0000,0.0000,0.0000,0.0000,0.0000
802,19,538.6998,554.0000,0.9724,0.9601,1.0000
803,520,0.0000,0.0000,0.0000,0.0000,0.0000
804,521,0.0000,0.0000,0.0000,0.0000,0.0000
805,522,0.0000,0.0000,0.0000,0.0000,0.0000
806,523,0.0000,0.0000,0.0000,0.0000,0.0000
807,524,0.0000,0.0000,0.0000,0.0000,0.0000
808,525,0.0000,0.0000,0.0000,0.0000,0.0000
809,526,0.0000,0.0000,0.0000,0.0000,0.0000
810,527,0.0000,0.0000,0.0000,0.0000,0.0000
811,528,0.0000,0.0000,0.0000,0.0000,0.0000
812,529,0.0000,0.0000,0.0000,0.0000,0.0000
813,530,0.0000,0.0000,0.0000,0.0000,0.0000
814,531,0.0000,0.0000,0.0000,0.0000,0.0000
815,517,4.0000,4.0000,1.0000,1.0000,1.0000
816,532,0.0000,0.0000,0.0000,0.0000,0.0000
817,533,0.0000,0.0000,0.0000,0.0000,0.0000
818,534,0.0000,0.0000,0.0000,0.0000,0.0000
819,535,0.0000,0.0000,0.0000,0.0000,0.0000
820,536,0.0000,0.0000,0.0000,0.0000,0.0000
821,537,0.0000,0.0000,0.0000,0.0000,0.0000
822,538,0.0000,0.0000,0.0000,0.0000,0.0000
823,539,0.0000,0.0000,0.0000,0.0000,0.0000
824,540,0.0000,0.0000,0.0000,0.0000,0.0000
825,541,0.0000,0.0000,0.0000,0.0000,0.0000
826,542,0.0000,0.0000,0.0000,0.0000,0.0000
827,543,0.0000,0.0000,0.0000,0.0000,0.0000
828,544,0.0000,0.0000,0.0000,0.0000,0.0000
829,545,0.0000,0.0000,0.0000,0.0000,0.0000
830,546,0.0000,0.0000,0.0000,0.0000,0.0000
831,547,0.0000,0.0000,0.0000,0.0000,0.0000
832,183,43.0897,44.0000,0.9793,0.9630,0.9887
833,548,0.0000,0.0000,0.0000,0.0000,0.0000
834,549,0.0000,0.0000,0.0000,0.0000,0.0000
835,550,0.0000,0.0000,0.0000,0.0000,0.0000
836,551,0.0000,0.0000,0.0000,0.0000,0.0000
837,19,538.6998,554.0000,0.9724,0.9601,1.0000
838,552,0.0000,0.0000,0.0000,0.0000,0.0000
839,553,0.0000,0.0000,0.0000,0.0000,0.0000
840,554,0.0000,0.0000,0.0000,0.0000,0.0000
841,555,0.0000,0.0000,0.0000,0.0000,0.0000
842,19,538.6998,554.0000,0.9724,0.9601,1.0000
843,177,21.3027,22.0000,0.9683,0.9601,0.9757
844,19,538.6998,554.0000,0.9724,0.9601,1.0000
845,556,0.0000,0.0000,0.0000,0.0000,0.0000
846,557,0.0000,0.0000,0.0000,0.0000,0.0000
847,558,0.0000,0.0000,0.0000,0.0000,0.0000
848,559,0.0000,0.0000,0.0000,0.0000,0.0000
849,19,538.6998,554.0000,0.9724,0.9601,1.0000
850,19,538.6998,554.0000,0.9724,0.9601,1.0000
851,19,538.6998,554.0000,0.9724,0.9601,1.0000
852,19,538.6998,554.0000,0.9724,0.9601,1.0000
853,560,0.0000,0.0000,0.0000,0.0000,0.0000
854,242,9.6726,10.0000,0.9673,0.9604,0.9770
855,242,9.6726,10.0000,0.9673,0.9604,0.9770
856,561,0.0000,0.0000,0.0000,0.0000,0.0000
857,19,538.6998,554.0000,0.9724,0.9601,1.0000
858,562,0.0000,0.0000,0.0000,0.0000,0.0000
859,563,0.0000,0.0000,0.0000,0.0000,0.0000
860,564,0.0000,0.0000,0.0000,0.0000,0.0000
861,565,0.0000,0.0000,0.0000,0.0000,0.0000
862,566,0.0000,0.0000,0.0000,0.0000,0.0000
863,567,0.0000,0.0000,0.0000,0.0000,0.0000
864,19,538.6998,554.0000,0.9724,0.9601,1.0000
865,19,538.6998,554.0000,0.9724,0.9601,1.0000
866,568,0.0000,0.0000,0.0000,0.0000,0.0000
867,569,0.0000,0.0000,0.0000,0.0000,0.0000
868,570,0.0000,0.0000,0.0000,0.0000,0.0000
869,571,0.0000,0.0000,0.0000,0.0000,0.0000
870,572,0.0000,0.0000,0.0000,0.0000,0.0000
871,573,0.0000,0.0000,0.0000,0.0000,0.0000
872,574,0.0000,0.0000,0.0000,0.0000,0.0000
873,19,538.6998,554.0000,0.9724,0.9601,1.0000
874,575,3.8780,4.0000,0.9695,0.9695,0.9695
875,575,3.8780,4.0000,0.9695,0.9695,0.9695
876,19,538.6998,554.0000,0.9724,0.9601,1.0000
877,576,0.0000,0.0000,0.0000,0.0000,0.0000
878,577,0.0000,0.0000,0.0000,0.0000,0.0000
879,578,0.0000,0.0000,0.0000,0.0000,0.0000
880,579,0.0000,0.0000,0.0000,0.0000,0.0000
881,19,538.6998,554.0000,0.9724,0.9601,1.0000
882,580,3.8680,4.0000,0.9670,0.9670,0.9670
883,581,0.0000,0.0000,0.0000,0.0000,0.0000
884,582,0.0000,0.0000,0.0000,0.0000,0.0000
885,583,0.0000,0.0000,0.0000,0.0000,0.0000
886,584,0.0000,0.0000,0.0000,0.0000,0.0000
887,585,0.0000,0.0000,0.0000,0.0000,0.0000
888,586,0.0000,0.0000,0.0000,0.0000,0.0000
889,587,0.0000,0.0000,0.0000,0.0000,0.0000
890,588,0.0000,0.0000,0.0000,0.0000,0.0000
891,589,0.0000,0.0000,0.0000,0.0000,0.0000
892,590,0.0000,0.0000,0.0000,0.0000,0.0000
893,591,0.0000,0.0000,0.0000,0.0000,0.0000
894,19,538.6998,554.0000,0.9724,0.9601,1.0000
895,592,0.0000,0.0000,0.0000,0.0000,0.0000
896,19,538.6998,554.0000,0.9724,0.9601,1.0000
897,593,4.0000,4.0000,1.0000,1.0000,1.0000
898,594,0.0000,0.0000,0.0000,0.0000,0.0000
899,595,0.0000,0.0000,0.0000,0.0000,0.0000
900,593,4.0000,4.0000,1.0000,1.0000,1.0000
901,19,538.6998,554.0000,0.9724,0.9601,1.0000
902,19,538.6998,554.0000,0.9724,0.9601,1.0000
903,596,0.0000,0.0000,0.0000,0.0000,0.0000
904,19,538.6998,554.0000,0.9724,0.9601,1.0000
905,34,28.9337,30.0000,0.9645,0.9607,0.9731
906,19,538.6998,554.0000,0.9724,0.9601,1.0000
907,19,538.6998,554.0000,0.9724,0.9601,1.0000
908,19,538.6998,554.0000,0.9724,0.9601,1.0000
909,34,28.9337,30.0000,0.9645,0.9607,0.9731
910,34,28.9337,30.0000,0.9645,0.9607,0.9731
911,597,0.0000,0.0000,0.0000,0.0000,0.0000
912,598,0.0000,0.0000,0.0000,0.0000,0.0000
913,599,0.0000,0.0000,0.0000,0.0000,0.0000
914,600,0.0000,0.0000,0.0000,0.0000,0.0000
915,601,0.0000,0.0000,0.0000,0.0000,0.0000
916,19,538.6998,554.0000,0.9724,0.9601,1.0000
917,19,538.6998,554.0000,0.9724,0.9601,1.0000
918,602,0.0000,0.0000,0.0000,0.0000,0.0000
919,603,0.0000,0.0000,0.0000,0.0000,0.0000
920,604,0.0000,0.0000,0.0000,0.0000,0.0000
921,605,0.0000,0.0000,0.0000,0.0000,0.0000
922,19,538.6998,554.0000,0.9724,0.9601,1.0000
923,19,538.6998,554.0000,0.9724,0.9601,1.0000
924,19,538.6998,554.0000,0.9724,0.9601,1.0000
925,177,21.3027,22.0000,0.9683,0.9601,0.9757
926,606,0.0000,0.0000,0.0000,0.0000,0.0000
927,607,0.0000,0.0000,0.0000,0.0000,0.0000
928,608,0.0000,0.0000,0.0000,0.0000,0.0000
929,609,0.0000,0.0000,0.0000,0.0000,0.0000
930,30,27.0355,28.0000,0.9656,0.9611,0.9743
931,19,538.6998,554.0000,0.9724,0.9601,1.0000
932,610,0.0000,0.0000,0.0000,0.0000,0.0000
933,611,0.0000,0.0000,0.0000,0.0000,0.0000
934,612,0.0000,0.0000,0.0000,0.0000,0.0000
935,613,0.0000,0.0000,0.0000,0.0000,0.0000
936,614,0.0000,0.0000,0.0000,0.0000,0.0000
937,615,3.9330,4.0000,0.9832,0.9832,0.9832
938,616,0.0000,0.0000,0.0000,0.0000,0.0000
939,617,0.0000,0.0000,0.0000,0.0000,0.0000
940,618,0.0000,0.0000,0.0000,0.0000,0.0000
941,615,3.9330,4.0000,0.9832,0.9832,0.9832
942,619,0.0000,0.0000,0.0000,0.0000,0.0000
943,620,0.0000,0.0000,0.0000,0.0000,0.0000
944,621,0.0000,0.0000,0.0000,0.0000,0.0000
945,622,0.0000,0.0000,0.0000,0.0000,0.0000
946,623,0.0000,0.0000,0.0000,0.0000,0.0000
947,624,0.0000,0.0000,0.0000,0.0000,0.0000
948,625,0.0000,0.0000,0.0000,0.0000,0.0000
949,626,0.0000,0.0000,0.0000,0.0000,0.0000
950,627,0.0000,0.0000,0.0000,0.0000,0.0000
951,19,538.6998,554.0000,0.9724,0.9601,1.0000
952,580,3.8680,4.0000,0.9670,0.9670,0.9670
953,628,0.0000,0.0000,0.0000,0.0000,0.0000
954,629,3.8457,4.0000,0.9614,0.9614,0.9614
955,630,0.0000,0.0000,0.0000,0.0000,0.0000
956,631,0.0000,0.0000,0.0000,0.0000,0.0000
957,23,38.7575,40.0000,0.9689,0.9602,0.9800
958,632,0.0000,0.0000,0.0000,0.0000,0.0000
959,629,3.8457,4.0000,0.9614,0.9614,0.9614
960,633,0.0000,0.0000,0.0000,0.0000,0.0000
961,634,0.0000,0.0000,0.0000,0.0000,0.0000
962,635,0.0000,0.0000,0.0000,0.0000,0.0000
963,636,0.0000,0.0000,0.0000,0.0000,0.0000
964,19,538.6998,554.0000,0.9724,0.9601,1.0000
965,19,538.6998,554.0000,0.9724,0.9601,1.0000
966,637,0.0000,0.0000,0.0000,0.0000,0.0000
967,638,0.0000,0.0000,0.0000,0.0000,0.0000
968,639,0.0000,0.0000,0.0000,0.0000,0.0000
969,640,0.0000,0.0000,0.0000,0.0000,0.0000
970,641,0.0000,0.0000,0.0000,0.0000,0.0000
971,642,0.0000,0.0000,0.0000,0.0000,0.0000
972,643,0.0000,0.0000,0.0000,0.0000,0.0000
973,644,0.0000,0.0000,0.0000,0.0000,0.0000
974,645,0.0000,0.0000,0.0000,0.0000,0.0000
975,646,0.0000,0.0000,0.0000,0.0000,0.0000
976,647,0.0000,0.0000,0.0000,0.0000,0.0000
977,648,0.0000,0.0000,0.0000,0.0000,0.0000
978,649,0.0000,0.0000,0.0000,0.0000,0.0000
979,650,0.0000,0.0000,0.0000,0.0000,0.0000
980,651,0.0000,0.0000,0.0000,0.0000,0.0000
981,652,0.0000,0.0000,0.0000,0.0000,0.0000
982,653,0.0000,0.0000,0.0000,0.0000,0.0000
983,654,0.0000,0.0000,0.0000,0.0000,0.0000
984,19,538.6998,554.0000,0.9724,0.9601,1.0000
985,655,0.0000,0.0000,0.0000,0.0000,0.0000
986,19,538.6998,554.0000,0.9724,0.9601,1.0000
987,656,0.0000,0.0000,0.0000,0.0000,0.0000
988,657,0.0000,0.0000,0.0000,0.0000,0.0000
989,658,3.9168,4.0000,0.9792,0.9792,0.9792
990,658,3.9168,4.0000,0.9792,0.9792,0.9792
991,659,0.0000,0.0000,0.0000,0.0000,0.0000
992,660,0.0000,0.0000,0.0000,0.0000,0.0000
993,661,3.9998,4.0000,0.9999,0.9999,0.9999
994,662,3.9995,4.0000,0.9999,0.9999,0.9999
995,663,3.9998,4.0000,0.9999,0.9999,0.9999
996,664,3.9993,4.0000,0.9998,0.9998,0.9998
997,665,3.9999,4.0000,1.0000,1.0000,1.0000
998,666,3.9999,4.0000,1.0000,1.0000,1.0000
999,667,3.9999,4.0000,1.0000,1.0000,1.0000
1000,668,0.0000,0.0000,0.0000,0.0000,0.0000
1001,669,0.0000,0.0000,0.0000,0.0000,0.0000
1002,670,0.0000,0.0000,0.0000,0.0000,0.0000
1003,671,0.0000,0.0000,0.0000,0.0000,0.0000
1004,672,0.0000,0.0000,0.0000,0.0000,0.0000
1005,673,0.0000,0.0000,0.0000,0.0000,0.0000
1006,674,0.0000,0.0000,0.0000,0.0000,0.0000
1007,675,0.0000,0.0000,0.0000,0.0000,0.0000
1008,676,0.0000,0.0000,0.0000,0.0000,0.0000
1009,677,0.0000,0.0000,0.0000,0.0000,0.0000
1010,19,538.6998,554.0000,0.9724,0.9601,1.0000
1011,678,0.0000,0.0000,0.0000,0.0000,0.0000
1012,679,0.0000,0.0000,0.0000,0.0000,0.0000
1013,680,0.0000,0.0000,0.0000,0.0000,0.0000
1014,681,0.0000,0.0000,0.0000,0.0000,0.0000
1015,682,0.0000,0.0000,0.0000,0.0000,0.0000
1016,683,0.0000,0.0000,0.0000,0.0000,0.0000
1017,684,0.0000,0.0000,0.0000,0.0000,0.0000
1018,685,0.0000,0.0000,0.0000,0.0000,0.0000
1019,686,0.0000,0.0000,0.0000,0.0000,0.0000
1020,687,0.0000,0.0000,0.0000,0.0000,0.0000
1021,688,24.0000,24.0000,1.0000,1.0000,1.0000
1022,688,24.0000,24.0000,1.0000,1.0000,1.0000
1023,688,24.0000,24.0000,1.0000,1.0000,1.0000
1024,688,24.0000,24.0000,1.0000,1.0000,1.0000
1025,688,24.0000,24.0000,1.0000,1.0000,1.0000
1026,689,3.9372,4.0000,0.9843,0.9843,0.9843
1027,689,3.9372,4.0000,0.9843,0.9843,0.9843
1028,690,0.0000,0.0000,0.0000,0.0000,0.0000
1029,691,3.9082,4.0000,0.9771,0.9771,0.9771
1030,691,3.9082,4.0000,0.9771,0.9771,0.9771
1031,692,0.0000,0.0000,0.0000,0.0000,0.0000
1032,693,0.0000,0.0000,0.0000,0.0000,0.0000
1033,694,0.0000,0.0000,0.0000,0.0000,0.0000
1034,30,27.0355,28.0000,0.9656,0.9611,0.9743
1035,695,0.0000,0.0000,0.0000,0.0000,0.0000
1036,696,0.0000,0.0000,0.0000,0.0000,0.0000
1037,697,0.0000,0.0000,0.0000,0.0000,0.0000
1038,30,27.0355,28.0000,0.9656,0.9611,0.9743
1039,698,0.0000,0.0000,0.0000,0.0000,0.0000
1040,699,0.0000,0.0000,0.0000,0.0000,0.0000
1041,34,28.9337,30.0000,0.9645,0.9607,0.9731
1042,700,0.0000,0.0000,0.0000,0.0000,0.0000
1043,19,538.6998,554.0000,0.9724,0.9601,1.0000
1044,701,0.0000,0.0000,0.0000,0.0000,0.0000
1045,702,0.0000,0.0000,0.0000,0.0000,0.0000
1046,703,3.8453,4.0000,0.9613,0.9613,0.9613
1047,703,3.8453,4.0000,0.9613,0.9613,0.9613
1048,704,0.0000,0.0000,0.0000,0.0000,0.0000
1049,705,0.0000,0.0000,0.0000,0.0000,0.0000
1050,706,0.0000,0.0000,0.0000,0.0000,0.0000
1051,707,0.0000,0.0000,0.0000,0.0000,0.0000
1052,708,0.0000,0.0000,0.0000,0.0000,0.0000
1053,19,538.6998,554.0000,0.9724,0.9601,1.0000
1054,709,0.0000,0.0000,0.0000,0.0000,0.0000
1055,332,23.6658,24.0000,0.9861,0.9744,1.0000
1056,710,0.0000,0.0000,0.0000,0.0000,0.0000
1057,711,0.0000,0.0000,0.0000,0.0000,0.0000
1058,712,0.0000,0.0000,0.0000,0.0000,0.0000
1059,713,0.0000,0.0000,0.0000,0.0000,0.0000
1060,714,0.0000,0.0000,0.0000,0.0000,0.0000
1061,715,0.0000,0.0000,0.0000,0.0000,0.0000
1062,716,0.0000,0.0000,0.0000,0.0000,0.0000
1063,717,0.0000,0.0000,0.0000,0.0000,0.0000
1064,718,0.0000,0.0000,0.0000,0.0000,0.0000
1065,719,0.0000,0.0000,0.0000,0.0000,0.0000
1066,720,0.0000,0.0000,0.0000,0.0000,0.0000
1067,721,0.0000,0.0000,0.0000,0.0000,0.0000
1068,30,27.0355,28.0000,0.9656,0.9611,0.9743
1069,722,0.0000,0.0000,0.0000,0.0000,0.0000
1070,723,0.0000,0.0000,0.0000,0.0000,0.0000
1071,724,0.0000,0.0000,0.0000,0.0000,0.0000
1072,725,0.0000,0.0000,0.0000,0.0000,0.0000
1073,726,0.0000,0.0000,0.0000,0.0000,0.0000
1074,727,0.0000,0.0000,0.0000,0.0000,0.0000
1075,728,0.0000,0.0000,0.0000,0.0000,0.0000
1076,729,0.0000,0.0000,0.0000,0.0000,0.0000
1077,730,0.0000,0.0000,0.0000,0.0000,0.0000
1078,731,0.0000,0.0000,0.0000,0.0000,0.0000
1079,732,0.0000,0.0000,0.0000,0.0000,0.0000
1080,733,0.0000,0.0000,0.0000,0.0000,0.0000
1081,734,0.0000,0.0000,0.0000,0.0000,0.0000
1082,19,538.6998,554.0000,0.9724,0.9601,1.0000
1083,735,0.0000,0.0000,0.0000,0.0000,0.0000
1084,736,0.0000,0.0000,0.0000,0.0000,0.0000
1085,737,3.9244,4.0000,0.9811,0.9811,0.9811
1086,738,0.0000,0.0000,0.0000,0.0000,0.0000
1087,737,3.9244,4.0000,0.9811,0.9811,0.9811
1088,739,0.0000,0.0000,0.0000,0.0000,0.0000
1089,740,0.0000,0.0000,0.0000,0.0000,0.0000
1090,741,0.0000,0.0000,0.0000,0.0000,0.0000
1091,19,538.6998,554.0000,0.9724,0.9601,1.0000
1092,742,0.0000,0.0000,0.0000,0.0000,0.0000
1093,743,0.0000,0.0000,0.0000,0.0000,0.0000
1094,744,3.9056,4.0000,0.9764,0.9764,0.9764
1095,744,3.9056,4.0000,0.9764,0.9764,0.9764
1096,177,21.3027,22.0000,0.9683,0.9601,0.9757
1097,745,0.0000,0.0000,0.0000,0.0000,0.0000
1098,746,0.0000,0.0000,0.0000,0.0000,0.0000
1099,747,0.0000,0.0000,0.0000,0.0000,0.0000
1100,748,15.7169,16.0000,0.9823,0.9785,0.9842
1101,748,15.7169,16.0000,0.9823,0.9785,0.9842
1102,748,15.7169,16.0000,0.9823,0.9785,0.9842
1103,748,15.7169,16.0000,0.9823,0.9785,0.9842
1104,749,0.0000,0.0000,0.0000,0.0000,0.0000
1105,750,0.0000,0.0000,0.0000,0.0000,0.0000
1106,751,0.0000,0.0000,0.0000,0.0000,0.0000
1107,752,0.0000,0.0000,0.0000,0.0000,0.0000
1108,19,538.6998,554.0000,0.9724,0.9601,1.0000
1109,753,0.0000,0.0000,0.0000,0.0000,0.0000
1110,19,538.6998,554.0000,0.9724,0.9601,1.0000
1111,754,0.0000,0.0000,0.0000,0.0000,0.0000
1112,755,0.0000,0.0000,0.0000,0.0000,0.0000
1113,756,0.0000,0.0000,0.0000,0.0000,0.0000
1114,757,0.0000,0.0000,0.0000,0.0000,0.0000
1115,758,0.0000,0.0000,0.0000,0.0000,0.0000
1116,759,0.0000,0.0000,0.0000,0.0000,0.0000
1117,760,0.0000,0.0000,0.0000,0.0000,0.0000
1118,761,0.0000,0.0000,0.0000,0.0000,0.0000
1119,762,0.0000,0.0000,0.0000,0.0000,0.0000
1120,763,0.0000,0.0000,0.0000,0.0000,0.0000
1121,764,0.0000,0.0000,0.0000,0.0000,0.0000
1122,765,0.0000,0.0000,0.0000,0.0000,0.0000
1123,766,0.0000,0.0000,0.0000,0.0000,0.0000
1124,767,0.0000,0.0000,0.0000,0.0000,0.0000
1125,768,0.0000,0.0000,0.0000,0.0000,0.0000
1126,769,0.0000,0.0000,0.0000,0.0000,0.0000
1127,770,0.0000,0.0000,0.0000,0.0000,0.0000
1128,771,0.0000,0.0000,0.0000,0.0000,0.0000
1129,772,0.0000,0.0000,0.0000,0.0000,0.0000
1130,773,0.0000,0.0000,0.0000,0.0000,0.0000
1131,774,0.0000,0.0000,0.0000,0.0000,0.0000
1132,775,0.0000,0.0000,0.0000,0.0000,0.0000
1133,776,0.0000,0.0000,0.0000,0.0000,0.0000
1134,777,9.7026,10.0000,0.9703,0.9633,0.9741
1135,778,0.0000,0.0000,0.0000,0.0000,0.0000
1136,779,0.0000,0.0000,0.0000,0.0000,0.0000
1137,780,0.0000,0.0000,0.0000,0.0000,0.0000
1138,781,0.0000,0.0000,0.0000,0.0000,0.0000
1139,782,0.0000,0.0000,0.0000,0.0000,0.0000
1140,783,0.0000,0.0000,0.0000,0.0000,0.0000
1141,784,0.0000,0.0000,0.0000,0.0000,0.0000
1142,19,538.6998,554.0000,0.9724,0.9601,1.0000
1143,785,0.0000,0.0000,0.0000,0.0000,0.0000
1144,786,0.0000,0.0000,0.0000,0.0000,0.0000
1145,787,0.0000,0.0000,0.0000,0.0000,0.0000
1146,788,0.0000,0.0000,0.0000,0.0000,0.0000
1147,789,0.0000,0.0000,0.0000,0.0000,0.0000
1148,790,0.0000,0.0000,0.0000,0.0000,0.0000
1149,791,0.0000,0.0000,0.0000,0.0000,0.0000
1150,792,0.0000,0.0000,0.0000,0.0000,0.0000
1151,777,9.7026,10.0000,0.9703,0.9633,0.9741
1152,793,0.0000,0.0000,0.0000,0.0000,0.0000
1153,794,0.0000,0.0000,0.0000,0.0000,0.0000
1154,19,538.6998,554.0000,0.9724,0.9601,1.0000
1155,795,0.0000,0.0000,0.0000,0.0000,0.0000
1156,242,9.6726,10.0000,0.9673,0.9604,0.9770
1157,23,38.7575,40.0000,0.9689,0.9602,0.9800
1158,796,0.0000,0.0000,0.0000,0.0000,0.0000
1159,19,538.6998,554.0000,0.9724,0.9601,1.0000
1160,19,538.6998,554.0000,0.9724,0.9601,1.0000
1161,797,0.0000,0.0000,0.0000,0.0000,0.0000
1162,798,0.0000,0.0000,0.0000,0.0000,0.0000
1163,799,0.0000,0.0000,0.0000,0.0000,0.0000
1164,800,0.0000,0.0000,0.0000,0.0000,0.0000
1165,801,0.0000,0.0000,0.0000,0.0000,0.0000
1166,802,0.0000,0.0000,0.0000,0.0000,0.0000
1167,803,0.0000,0.0000,0.0000,0.0000,0.0000
1168,804,0.0000,0.0000,0.0000,0.0000,0.0000
1169,19,538.6998,554.0000,0.9724,0.9601,1.0000
1170,19,538.6998,554.0000,0.9724,0.9601,1.0000
1171,805,0.0000,0.0000,0.0000,0.0000,0.0000
1172,806,0.0000,0.0000,0.0000,0.0000,0.0000
1173,807,0.0000,0.0000,0.0000,0.0000,0.0000
1174,808,0.0000,0.0000,0.0000,0.0000,0.0000
1175,809,0.0000,0.0000,0.0000,0.0000,0.0000
1176,810,0.0000,0.0000,0.0000,0.0000,0.0000
1177,811,0.0000,0.0000,0.0000,0.0000,0.0000
1178,812,0.0000,0.0000,0.0000,0.0000,0.0000
1179,813,0.0000,0.0000,0.0000,0.0000,0.0000
1180,814,0.0000,0.0000,0.0000,0.0000,0.0000
1181,815,4.0000,4.0000,1.0000,1.0000,1.0000
1182,815,4.0000,4.0000,1.0000,1.0000,1.0000
1183,816,0.0000,0.0000,0.0000,0.0000,0.0000
1184,777,9.7026,10.0000,0.9703,0.9633,0.9741
1185,817,0.0000,0.0000,0.0000,0.0000,0.0000
1186,177,21.3027,22.0000,0.9683,0.9601,0.9757
1187,818,0.0000,0.0000,0.0000,0.0000,0.0000
1188,819,0.0000,0.0000,0.0000,0.0000,0.0000
1189,820,0.0000,0.0000,0.0000,0.0000,0.0000
1190,821,0.0000,0.0000,0.0000,0.0000,0.0000
1191,822,0.0000,0.0000,0.0000,0.0000,0.0000
1192,823,0.0000,0.0000,0.0000,0.0000,0.0000
1193,19,538.6998,554.0000,0.9724,0.9601,1.0000
1194,824,0.0000,0.0000,0.0000,0.0000,0.0000
1195,825,0.0000,0.0000,0.0000,0.0000,0.0000
1196,826,0.0000,0.0000,0.0000,0.0000,0.0000
1197,827,0.0000,0.0000,0.0000,0.0000,0.0000
1198,828,0.0000,0.0000,0.0000,0.0000,0.0000
1199,829,0.0000,0.0000,0.0000,0.0000,0.0000
1200,830,0.0000,0.0000,0.0000,0.0000,0.0000
1201,831,3.9317,4.0000,0.9829,0.9829,0.9829
1202,831,3.9317,4.0000,0.9829,0.9829,0.9829
1203,832,0.0000,0.0000,0.0000,0.0000,0.0000
1204,233,33.3591,34.0000,0.9812,0.9608,1.0000
1205,833,3.8539,4.0000,0.9635,0.9635,0.9635
1206,207,11.8713,12.0000,0.9893,0.9838,0.9998
1207,208,11.8498,12.0000,0.9875,0.9809,0.9998
1208,209,64.9468,66.0000,0.9840,0.9602,0.9999
1209,210,11.8750,12.0000,0.9896,0.9836,0.9996
1210,211,11.8979,12.0000,0.9915,0.9871,0.9999
1211,212,11.8827,12.0000,0.9902,0.9854,0.9998
1212,209,64.9468,66.0000,0.9840,0.9602,0.9999
1213,213,11.9325,12.0000,0.9944,0.9916,0.9997
1214,834,0.0000,0.0000,0.0000,0.0000,0.0000
1215,833,3.8539,4.0000,0.9635,0.9635,0.9635
1216,835,0.0000,0.0000,0.0000,0.0000,0.0000
1217,836,0.0000,0.0000,0.0000,0.0000,0.0000
1218,60,3.9852,4.0000,0.9963,0.9963,0.9963
1219,837,0.0000,0.0000,0.0000,0.0000,0.0000
1220,216,11.9249,12.0000,0.9937,0.9903,0.9999
1221,838,0.0000,0.0000,0.0000,0.0000,0.0000
1222,839,0.0000,0.0000,0.0000,0.0000,0.0000
1223,57,3.9985,4.0000,0.9996,0.9996,0.9996
1224,43,3.9934,4.0000,0.9984,0.9984,0.9984
1225,47,11.9379,12.0000,0.9948,0.9922,1.0000
1226,45,15.9623,16.0000,0.9976,0.9906,1.0000
1227,0,23.9331,24.0000,0.9972,0.9903,0.9997
1228,840,0.0000,0.0000,0.0000,0.0000,0.0000
1229,41,3.9969,4.0000,0.9992,0.9992,0.9992
1230,40,3.9856,4.0000,0.9964,0.9964,0.9964
1231,841,0.0000,0.0000,0.0000,0.0000,0.0000
1232,66,3.9873,4.0000,0.9968,0.9968,0.9968
1233,111,15.9763,16.0000,0.9985,0.9966,1.0000
1234,111,15.9763,16.0000,0.9985,0.9966,1.0000
1235,842,0.0000,0.0000,0.0000,0.0000,0.0000
1236,843,0.0000,0.0000,0.0000,0.0000,0.0000
1237,844,0.0000,0.0000,0.0000,0.0000,0.0000
1238,845,0.0000,0.0000,0.0000,0.0000,0.0000
1239,846,0.0000,0.0000,0.0000,0.0000,0.0000
1240,847,0.0000,0.0000,0.0000,0.0000,0.0000
1241,848,0.0000,0.0000,0.0000,0.0000,0.0000
1242,849,0.0000,0.0000,0.0000,0.0000,0.0000
1243,850,0.0000,0.0000,0.0000,0.0000,0.0000
1244,851,0.0000,0.0000,0.0000,0.0000,0.0000
1245,852,0.0000,0.0000,0.0000,0.0000,0.0000
1246,853,0.0000,0.0000,0.0000,0.0000,0.0000
1247,854,0.0000,0.0000,0.0000,0.0000,0.0000
1248,855,0.0000,0.0000,0.0000,0.0000,0.0000
1249,856,0.0000,0.0000,0.0000,0.0000,0.0000
1250,857,0.0000,0.0000,0.0000,0.0000,0.0000
1251,858,0.0000,0.0000,0.0000,0.0000,0.0000
1252,859,0.0000,0.0000,0.0000,0.0000,0.0000
1253,860,0.0000,0.0000,0.0000,0.0000,0.0000
1254,861,0.0000,0.0000,0.0000,0.0000,0.0000
1255,19,538.6998,554.0000,0.9724,0.9601,1.0000
1256,19,538.6998,554.0000,0.9724,0.9601,1.0000
1257,19,538.6998,554.0000,0.9724,0.9601,1.0000
1258,19,538.6998,554.0000,0.9724,0.9601,1.0000
1259,19,538.6998,554.0000,0.9724,0.9601,1.0000
1260,19,538.6998,554.0000,0.9724,0.9601,1.0000
1261,19,538.6998,554.0000,0.9724,0.9601,1.0000
1262,19,538.6998,554.0000,0.9724,0.9601,1.0000
1263,19,538.6998,554.0000,0.9724,0.9601,1.0000
1264,19,538.6998,554.0000,0.9724,0.9601,1.0000
1265,19,538.6998,554.0000,0.9724,0.9601,1.0000
1266,862,0.0000,0.0000,0.0000,0.0000,0.0000
1267,19,538.6998,554.0000,0.9724,0.9601,1.0000
1268,19,538.6998,554.0000,0.9724,0.9601,1.0000
1269,19,538.6998,554.0000,0.9724,0.9601,1.0000
1270,19,538.6998,554.0000,0.9724,0.9601,1.0000
1271,19,538.6998,554.0000,0.9724,0.9601,1.0000
1272,19,538.6998,554.0000,0.9724,0.9601,1.0000
1273,19,538.6998,554.0000,0.9724,0.9601,1.0000
1274,863,0.0000,0.0000,0.0000,0.0000,0.0000
1275,19,538.6998,554.0000,0.9724,0.9601,1.0000
1276,19,538.6998,554.0000,0.9724,0.9601,1.0000
1277,19,538.6998,554.0000,0.9724,0.9601,1.0000
1278,864,0.0000,0.0000,0.0000,0.0000,0.0000
1279,865,0.0000,0.0000,0.0000,0.0000,0.0000
1280,866,3.9885,4.0000,0.9971,0.9971,0.9971
1281,866,3.9885,4.0000,0.9971,0.9971,0.9971
1282,867,0.0000,0.0000,0.0000,0.0000,0.0000
1283,868,0.0000,0.0000,0.0000,0.0000,0.0000
1284,869,0.0000,0.0000,0.0000,0.0000,0.0000
1285,870,0.0000,0.0000,0.0000,0.0000,0.0000
1286,871,0.0000,0.0000,0.0000,0.0000,0.0000
1287,872,0.0000,0.0000,0.0000,0.0000,0.0000
1288,44,3.8509,4.0000,0.9627,0.9627,0.9627
1289,873,0.0000,0.0000,0.0000,0.0000,0.0000
1290,874,0.0000,0.0000,0.0000,0.0000,0.0000
1291,875,0.0000,0.0000,0.0000,0.0000,0.0000
1292,19,538.6998,554.0000,0.9724,0.9601,1.0000
1293,129,11.5483,12.0000,0.9624,0.9607,0.9634
1294,876,0.0000,0.0000,0.0000,0.0000,0.0000
1295,877,0.0000,0.0000,0.0000,0.0000,0.0000
1296,878,0.0000,0.0000,0.0000,0.0000,0.0000
1297,879,0.0000,0.0000,0.0000,0.0000,0.0000
1298,880,0.0000,0.0000,0.0000,0.0000,0.0000
1299,881,0.0000,0.0000,0.0000,0.0000,0.0000
1300,882,0.0000,0.0000,0.0000,0.0000,0.0000
1301,883,0.0000,0.0000,0.0000,0.0000,0.0000
1302,884,0.0000,0.0000,0.0000,0.0000,0.0000
1303,885,0.0000,0.0000,0.0000,0.0000,0.0000
1304,886,0.0000,0.0000,0.0000,0.0000,0.0000
1305,887,0.0000,0.0000,0.0000,0.0000,0.0000
1306,19,538.6998,554.0000,0.9724,0.9601,1.0000
1307,19,538.6998,554.0000,0.9724,0.9601,1.0000
1308,888,0.0000,0.0000,0.0000,0.0000,0.0000
1309,19,538.6998,554.0000,0.9724,0.9601,1.0000
1310,19,538.6998,554.0000,0.9724,0.9601,1.0000
1311,23,38.7575,40.0000,0.9689,0.9602,0.9800
1312,889,3.9670,4.0000,0.9918,0.9918,0.9918
1313,890,0.0000,0.0000,0.0000,0.0000,0.0000
1314,891,0.0000,0.0000,0.0000,0.0000,0.0000
1315,19,538.6998,554.0000,0.9724,0.9601,1.0000
1316,889,3.9670,4.0000,0.9918,0.9918,0.9918
1317,23,38.7575,40.0000,0.9689,0.9602,0.9800
1318,23,38.7575,40.0000,0.9689,0.9602,0.9800
1319,892,0.0000,0.0000,0.0000,0.0000,0.0000
1320,893,0.0000,0.0000,0.0000,0.0000,0.0000
1321,23,38.7575,40.0000,0.9689,0.9602,0.9800
1322,894,0.0000,0.0000,0.0000,0.0000,0.0000
1323,895,0.0000,0.0000,0.0000,0.0000,0.0000
1324,896,0.0000,0.0000,0.0000,0.0000,0.0000
1325,897,0.0000,0.0000,0.0000,0.0000,0.0000
1326,898,0.0000,0.0000,0.0000,0.0000,0.0000
1327,899,3.9003,4.0000,0.9751,0.9751,0.9751
1328,899,3.9003,4.0000,0.9751,0.9751,0.9751
1329,900,0.0000,0.0000,0.0000,0.0000,0.0000
1330,901,0.0000,0.0000,0.0000,0.0000,0.0000
1331,902,0.0000,0.0000,0.0000,0.0000,0.0000
1332,903,3.8984,4.0000,0.9746,0.9746,0.9746
1333,904,0.0000,0.0000,0.0000,0.0000,0.0000
1334,23,38.7575,40.0000,0.9689,0.9602,0.9800
1335,905,0.0000,0.0000,0.0000,0.0000,0.0000
1336,23,38.7575,40.0000,0.9689,0.9602,0.9800
1337,906,0.0000,0.0000,0.0000,0.0000,0.0000
1338,907,3.8681,4.0000,0.9670,0.9670,0.9670
1339,907,3.8681,4.0000,0.9670,0.9670,0.9670
1340,903,3.8984,4.0000,0.9746,0.9746,0.9746
1341,908,0.0000,0.0000,0.0000,0.0000,0.0000
1342,909,0.0000,0.0000,0.0000,0.0000,0.0000
1343,19,538.6998,554.0000,0.9724,0.9601,1.0000
1344,19,538.6998,554.0000,0.9724,0.9601,1.0000
1345,910,0.0000,0.0000,0.0000,0.0000,0.0000
1346,911,0.0000,0.0000,0.0000,0.0000,0.0000
1347,912,0.0000,0.0000,0.0000,0.0000,0.0000
1348,913,0.0000,0.0000,0.0000,0.0000,0.0000
1349,914,17.5197,18.0000,0.9733,0.9600,0.9877
1350,914,17.5197,18.0000,0.9733,0.9600,0.9877
1351,914,17.5197,18.0000,0.9733,0.9600,0.9877
1352,914,17.5197,18.0000,0.9733,0.9600,0.9877
1353,914,17.5197,18.0000,0.9733,0.9600,0.9877
1354,915,0.0000,0.0000,0.0000,0.0000,0.0000
1355,916,0.0000,0.0000,0.0000,0.0000,0.0000
1356,917,0.0000,0.0000,0.0000,0.0000,0.0000
1357,918,0.0000,0.0000,0.0000,0.0000,0.0000
1358,919,0.0000,0.0000,0.0000,0.0000,0.0000
1359,920,0.0000,0.0000,0.0000,0.0000,0.0000
1360,19,538.6998,554.0000,0.9724,0.9601,1.0000
1361,921,0.0000,0.0000,0.0000,0.0000,0.0000
1362,922,0.0000,0.0000,0.0000,0.0000,0.0000
1363,923,0.0000,0.0000,0.0000,0.0000,0.0000
1364,924,0.0000,0.0000,0.0000,0.0000,0.0000
1365,925,0.0000,0.0000,0.0000,0.0000,0.0000
1366,926,0.0000,0.0000,0.0000,0.0000,0.0000
1367,927,0.0000,0.0000,0.0000,0.0000,0.0000
1368,928,0.0000,0.0000,0.0000,0.0000,0.0000
1369,19,538.6998,554.0000,0.9724,0.9601,1.0000
1370,929,0.0000,0.0000,0.0000,0.0000,0.0000
1371,930,0.0000,0.0000,0.0000,0.0000,0.0000
1372,931,0.0000,0.0000,0.0000,0.0000,0.0000
1373,932,0.0000,0.0000,0.0000,0.0000,0.0000
1374,933,3.8667,4.0000,0.9667,0.9667,0.9667
1375,934,0.0000,0.0000,0.0000,0.0000,0.0000
1376,19,538.6998,554.0000,0.9724,0.9601,1.0000
1377,935,0.0000,0.0000,0.0000,0.0000,0.0000
1378,936,0.0000,0.0000,0.0000,0.0000,0.0000
1379,937,0.0000,0.0000,0.0000,0.0000,0.0000
1380,938,0.0000,0.0000,0.0000,0.0000,0.0000
1381,939,0.0000,0.0000,0.0000,0.0000,0.0000
1382,940,0.0000,0.0000,0.0000,0.0000,0.0000
1383,941,0.0000,0.0000,0.0000,0.0000,0.0000
1384,942,0.0000,0.0000,0.0000,0.0000,0.0000
1385,943,0.0000,0.0000,0.0000,0.0000,0.0000
1386,944,0.0000,0.0000,0.0000,0.0000,0.0000
1387,945,0.0000,0.0000,0.0000,0.0000,0.0000
1388,946,0.0000,0.0000,0.0000,0.0000,0.0000
1389,777,9.7026,10.0000,0.9703,0.9633,0.9741
1390,947,0.0000,0.0000,0.0000,0.0000,0.0000
1391,19,538.6998,554.0000,0.9724,0.9601,1.0000
1392,19,538.6998,554.0000,0.9724,0.9601,1.0000
1393,664,3.9993,4.0000,0.9998,0.9998,0.9998
1394,663,3.9998,4.0000,0.9999,0.9999,0.9999
1395,662,3.9995,4.0000,0.9999,0.9999,0.9999
1396,661,3.9998,4.0000,0.9999,0.9999,0.9999
1397,665,3.9999,4.0000,1.0000,1.0000,1.0000
1398,666,3.9999,4.0000,1.0000,1.0000,1.0000
1399,667,3.9999,4.0000,1.0000,1.0000,1.0000
1400,948,0.0000,0.0000,0.0000,0.0000,0.0000
1401,949,0.0000,0.0000,0.0000,0.0000,0.0000
1402,933,3.8667,4.0000,0.9667,0.9667,0.9667
1403,19,538.6998,554.0000,0.9724,0.9601,1.0000
1404,950,0.0000,0.0000,0.0000,0.0000,0.0000
1405,951,0.0000,0.0000,0.0000,0.0000,0.0000
1406,952,0.0000,0.0000,0.0000,0.0000,0.0000
1407,953,0.0000,0.0000,0.0000,0.0000,0.0000
1408,954,0.0000,0.0000,0.0000,0.0000,0.0000
1409,238,15.5796,16.0000,0.9737,0.9728,0.9741
1410,955,0.0000,0.0000,0.0000,0.0000,0.0000
1411,956,0.0000,0.0000,0.0000,0.0000,0.0000
1412,19,538.6998,554.0000,0.9724,0.9601,1.0000
1413,957,0.0000,0.0000,0.0000,0.0000,0.0000
1414,958,0.0000,0.0000,0.0000,0.0000,0.0000
1415,19,538.6998,554.0000,0.9724,0.9601,1.0000
1416,19,538.6998,554.0000,0.9724,0.9601,1.0000
1417,19,538.6998,554.0000,0.9724,0.9601,1.0000
1418,959,0.0000,0.0000,0.0000,0.0000,0.0000
1419,960,0.0000,0.0000,0.0000,0.0000,0.0000
1420,961,0.0000,0.0000,0.0000,0.0000,0.0000
1421,962,0.0000,0.0000,0.0000,0.0000,0.0000
