from,to,distance
9139,8704,1.000000
7652,8621,1.000000
3315,3316,1.000000
8621,7652,1.000000
11050,10711,1.000000
10711,11050,1.000000
4973,4886,1.000000
5047,4755,1.000000
496,497,1.000000
4429,4430,1.000000
497,496,1.000000
4886,4973,1.000000
4430,4429,1.000000
3316,3315,1.000000
8704,9139,1.000000
4755,5047,1.000000
9796,9797,1.000000
9797,9796,1.000000
2366,2365,1.000000
11009,11007,1.000000
11007,11009,1.000000
2365,2366,1.000000
6203,6202,1.000000
6202,6203,1.000000
3259,3285,1.000000
3285,3259,1.000000
2308,2307,1.000000
2307,2308,1.000000
448,490,1.000000
490,448,1.000000
3328,3342,1.000000
3342,3328,1.000000
9565,9560,1.000000
9560,9565,1.000000
3317,3318,0.999999
3318,3317,0.999999
2565,5238,0.999939
5238,2565,0.999939
5480,5522,0.999933
5522,5480,0.999933
2404,2460,0.999896
2460,2404,0.999896
2960,2880,0.999879
2880,2960,0.999879
2846,10767,0.999807
10767,2846,0.999807
9131,9141,0.999781
9141,9131,0.999781
5164,2577,0.999770
2577,5164,0.999770
4607,6397,0.999758
6397,4607,0.999758
10986,8786,0.999747
8786,10986,0.999747
10918,8790,0.999698
8790,10918,0.999698
8784,10968,0.999697
10968,8784,0.999697
2811,2798,0.999599
2798,2811,0.999599
10016,9049,0.999580
9049,10016,0.999580
2787,2804,0.999556
2804,2787,0.999556
9579,10085,0.999501
10085,9579,0.999501
8655,5279,0.999408
5279,8655,0.999408
10031,10986,0.999378
10986,10031,0.999378
10031,8786,0.999359
8786,10031,0.999359
10249,10212,0.999287
10212,10249,0.999287
1549,6217,0.999178
6217,1549,0.999178
8159,4544,0.999152
4544,8159,0.999152
2270,8486,0.999148
8486,2270,0.999148
8812,8958,0.999101
8958,8812,0.999101
1887,7680,0.999090
7680,1887,0.999090
5542,1300,0.999062
1300,5542,0.999062
8110,1966,0.999053
1966,8110,0.999053
7977,4154,0.998933
4154,7977,0.998933
4570,8163,0.998924
8163,4570,0.998924
2657,5057,0.998899
5057,2657,0.998899
4890,2376,0.998842
2376,4890,0.998842
8283,2163,0.998820
2163,8283,0.998820
2680,5082,0.998776
5082,2680,0.998776
2350,4754,0.998744
4754,2350,0.998744
4743,8387,0.998735
8387,4743,0.998735
10877,5094,0.998724
5094,10877,0.998724
7870,4662,0.998605
4662,7870,0.998605
10939,8792,0.998601
8792,10939,0.998601
6111,1492,0.998600
1492,6111,0.998600
10252,10219,0.998590
10219,10252,0.998590
1750,6581,0.998562
6581,1750,0.998562
2659,5080,0.998559
5080,2659,0.998559
11235,11100,0.998531
11100,11235,0.998531
2661,5075,0.998519
5075,2661,0.998519
5073,2464,0.998503
2464,5073,0.998503
1490,10900,0.998482
10900,1490,0.998482
1406,1460,0.998460
1460,1406,0.998460
2417,4989,0.998402
4989,2417,0.998402
8503,4790,0.998379
4790,8503,0.998379
5109,2636,0.998352
2636,5109,0.998352
6435,1714,0.998344
1714,6435,0.998344
10439,1931,0.998208
1931,10439,0.998208
2921,7956,0.998203
7956,2921,0.998203
1410,5777,0.998196
5777,1410,0.998196
5955,1485,0.998193
1485,5955,0.998193
5083,2681,0.998190
2681,5083,0.998190
2569,5145,0.998143
5145,2569,0.998143
2585,5194,0.998065
5194,2585,0.998065
5044,2670,0.998014
2670,5044,0.998014
504,442,0.997982
442,504,0.997982
5609,1339,0.997936
1339,5609,0.997936
7438,8117,0.997907
8117,7438,0.997907
5222,2545,0.997904
2545,5222,0.997904
4324,3603,0.997797
3603,4324,0.997797
1431,10552,0.997769
10552,1431,0.997769
2570,5241,0.997729
5241,2570,0.997729
7805,1801,0.997720
1801,7805,0.997720
6104,10665,0.997711
10665,6104,0.997711
3666,6668,0.997699
6668,3666,0.997699
5262,2604,0.997673
2604,5262,0.997673
4149,3606,0.997595
3606,4149,0.997595
2576,5053,0.997590
5053,2576,0.997590
2494,5157,0.997576
5157,2494,0.997576
2453,5045,0.997564
5045,2453,0.997564
2963,2276,0.997563
2276,2963,0.997563
4918,2373,0.997558
2373,4918,0.997558
5103,2696,0.997539
2696,5103,0.997539
9578,10146,0.997489
10146,9578,0.997489
2515,4975,0.997446
4975,2515,0.997446
9593,10471,0.997432
10471,9593,0.997432
7802,1427,0.997430
1427,7802,0.997430
4141,3607,0.997405
3607,4141,0.997405
1739,6509,0.997397
6509,1739,0.997397
6331,1688,0.997383
1688,6331,0.997383
2406,4992,0.997333
4992,2406,0.997333
1768,6743,0.997323
6743,1768,0.997323
3604,4289,0.997267
4289,3604,0.997267
10729,6106,0.997225
6106,10729,0.997225
9718,10148,0.997180
10148,9718,0.997180
9272,8983,0.997169
8983,9272,0.997169
1787,6950,0.997156
6950,1787,0.997156
5260,2592,0.997152
2592,5260,0.997152
2422,4983,0.997077
4983,2422,0.997077
5072,2470,0.997053
2470,5072,0.997053
2850,5454,0.996956
5454,2850,0.996956
1795,2801,0.996916
2801,1795,0.996916
10866,8655,0.996839
8655,10866,0.996839
2590,5058,0.996826
5058,2590,0.996826
4390,3598,0.996770
3598,4390,0.996770
6277,1674,0.996760
1674,6277,0.996760
5239,2571,0.996720
2571,5239,0.996720
7936,1913,0.996695
1913,7936,0.996695
2412,5005,0.996692
5005,2412,0.996692
6698,1763,0.996680
1763,6698,0.996680
11783,11112,0.996666
11112,11783,0.996666
5087,2801,0.996651
2801,5087,0.996651
5074,2676,0.996621
2676,5074,0.996621
1502,1905,0.996577
1905,1502,0.996577
3594,4425,0.996569
4425,3594,0.996569
3617,3802,0.996565
3802,3617,0.996565
10930,8788,0.996547
8788,10930,0.996547
8426,4752,0.996519
4752,8426,0.996519
5756,6327,0.996489
6327,5756,0.996489
10728,9601,0.996489
9601,10728,0.996489
9431,5986,0.996483
5986,9431,0.996483
1319,9359,0.996462
9359,1319,0.996462
1972,8153,0.996442
8153,1972,0.996442
1707,6391,0.996442
6391,1707,0.996442
6134,5960,0.996388
5960,6134,0.996388
1509,10977,0.996364
10977,1509,0.996364
6156,11055,0.996362
11055,6156,0.996362
5371,5506,0.996280
5506,5371,0.996280
3813,3641,0.996195
3641,3813,0.996195
7130,5642,0.996195
5642,7130,0.996195
4836,8633,0.996119
8633,4836,0.996119
9218,1270,0.996058
1270,9218,0.996058
11232,11418,0.996033
11418,11232,0.996033
9545,10860,0.996018
10860,9545,0.996018
510,447,0.996003
447,510,0.996003
9872,10411,0.995996
10411,9872,0.995996
10866,5279,0.995995
5279,10866,0.995995
5562,5531,0.995881
5531,5562,0.995881
8795,5317,0.995777
5317,8795,0.995777
11379,11377,0.995744
11377,11379,0.995744
6053,1542,0.995704
1542,6053,0.995704
3608,3999,0.995669
3999,3608,0.995669
1308,10946,0.995626
10946,1308,0.995626
493,514,0.995576
514,493,0.995576
3640,3808,0.995570
3808,3640,0.995570
1795,5087,0.995426
5087,1795,0.995426
1579,4497,0.995381
4497,1579,0.995381
11244,11151,0.995374
11151,11244,0.995374
8512,2962,0.995296
2962,8512,0.995296
4558,5687,0.995255
5687,4558,0.995255
2471,5173,0.995218
5173,2471,0.995218
1667,6364,0.995011
6364,1667,0.995011
8339,4717,0.994983
4717,8339,0.994983
1536,6070,0.994828
6070,1536,0.994828
3637,4108,0.994762
4108,3637,0.994762
5022,2426,0.994733
2426,5022,0.994733
4576,8177,0.994707
8177,4576,0.994707
9054,9569,0.994570
9569,9054,0.994570
7897,5813,0.994553
5813,7897,0.994553
4886,2229,0.994526
2229,4973,0.994526
2229,4886,0.994526
4973,2229,0.994526
8666,9240,0.994526
9240,8666,0.994526
6182,1537,0.994441
1537,6182,0.994441
5872,10430,0.994400
10430,5872,0.994400
10278,1372,0.994294
1372,10278,0.994294
1971,8135,0.994292
8135,1971,0.994292
1341,5626,0.994265
5626,1341,0.994265
2099,4690,0.994254
4690,2099,0.994254
2496,5152,0.994227
5152,2496,0.994227
6065,11028,0.994208
11028,6065,0.994208
1684,6325,0.994177
6325,1684,0.994177
1310,2864,0.994174
2864,1310,0.994174
3601,4214,0.994162
4214,3601,0.994162
5884,10048,0.994044
10048,5884,0.994044
7985,3973,0.993902
3973,7985,0.993902
4204,3602,0.993888
3602,4204,0.993888
1961,8087,0.993869
8087,1961,0.993869
7794,2753,0.993754
2753,7794,0.993754
4233,4399,0.993660
4399,4233,0.993660
2702,8537,0.993617
8537,2702,0.993617
6468,1719,0.993555
1719,6468,0.993555
4714,8327,0.993393
8327,4714,0.993393
1847,7386,0.993386
7386,1847,0.993386
1652,6263,0.993351
6263,1652,0.993351
2748,2471,0.993317
2471,2748,0.993317
10832,10111,0.993308
10111,10832,0.993308
3295,3296,0.993284
3296,3295,0.993284
4919,2394,0.993267
2394,4919,0.993267
2082,8165,0.993263
8165,2082,0.993263
4802,2333,0.993169
2333,4802,0.993169
2069,7772,0.993142
7772,2069,0.993142
4268,4254,0.993075
4254,4268,0.993075
10905,8183,0.992986
8183,10905,0.992986
2352,4940,0.992972
4940,2352,0.992972
5312,5558,0.992886
5558,5312,0.992886
4733,8410,0.992859
8410,4733,0.992859
8209,2098,0.992753
2098,8209,0.992753
1958,8072,0.992726
8072,1958,0.992726
12135,12138,0.992617
12138,12135,0.992617
1491,1521,0.992580
1521,1491,0.992580
12127,12110,0.992553
12110,12127,0.992553
8010,8011,0.992480
8011,8010,0.992480
5629,1343,0.992425
1343,5629,0.992425
10511,5303,0.992305
5303,10511,0.992305
5933,5953,0.992298
5953,5933,0.992298
10086,5938,0.992286
5938,10086,0.992286
8472,2264,0.992238
2264,8472,0.992238
3597,4385,0.992228
4385,3597,0.992228
6402,3635,0.992227
3635,6402,0.992227
6283,6284,0.992175
6284,6283,0.992175
4739,8375,0.992149
8375,4739,0.992149
2502,5178,0.992126
5178,2502,0.992126
8417,2650,0.992087
2650,8417,0.992087
5645,1347,0.992040
1347,5645,0.992040
4742,8385,0.992035
8385,4742,0.992035
2964,8561,0.992013
8561,2964,0.992013
8622,2970,0.992003
2970,8622,0.992003
6290,6285,0.991963
6285,6290,0.991963
10776,9499,0.991897
9499,10776,0.991897
4187,3591,0.991730
3591,4187,0.991730
12052,3438,0.991718
3438,12052,0.991718
10012,10899,0.991648
10899,10012,0.991648
5596,1332,0.991607
1332,5596,0.991607
9461,10060,0.991517
10060,9461,0.991517
10249,10219,0.991453
10219,10249,0.991453
2122,2650,0.991402
2650,2122,0.991402
4701,2162,0.991385
2162,4701,0.991385
5678,7216,0.991368
7216,5678,0.991368
7838,7845,0.991365
7845,7838,0.991365
1344,5634,0.991359
5634,1344,0.991359
1680,8104,0.991328
8104,1680,0.991328
12121,12146,0.991317
12146,12121,0.991317
8611,2331,0.991310
2331,8611,0.991310
1875,7510,0.991283
7510,1875,0.991283
2586,2747,0.991181
2747,2586,0.991181
10252,10249,0.991114
7837,7845,0.991093
7845,7837,0.991093
1442,6003,0.991039
6003,1442,0.991039
5115,2692,0.991038
2692,5115,0.991038
2812,2815,0.991020
2815,2812,0.991020
4915,2370,0.991007
2370,4915,0.991007
8417,2122,0.990962
2122,8417,0.990962
2813,3295,0.990950
3295,2813,0.990950
5844,8076,0.990934
8076,5844,0.990934
7169,4762,0.990933
4762,7169,0.990933
2436,8537,0.990932
8537,2436,0.990932
8230,3759,0.990858
3759,8230,0.990858
6977,1788,0.990723
1788,6977,0.990723
7364,1845,0.990688
1845,7364,0.990688
7846,7841,0.990585
7841,7846,0.990585
10877,2138,0.990496
2138,10877,0.990496
10212,10219,0.990440
8332,4643,0.990387
4643,8332,0.990387
4872,1987,0.990380
1987,4872,0.990380
7838,7840,0.990341
7840,7838,0.990341
1593,1452,0.990307
1452,1593,0.990307
11590,9601,0.990229
9601,11590,0.990229
6290,6289,0.990221
6289,6290,0.990221
2719,7626,0.990124
7626,2719,0.990124
5293,8717,0.990017
8717,5293,0.990017
7837,7838,0.990016
5173,2748,0.989967
2748,5173,0.989967
8005,8007,0.989953
8007,8005,0.989953
1335,5599,0.989915
5599,1335,0.989915
2931,1980,0.989912
1980,2931,0.989912
10921,11660,0.989903
11660,10921,0.989903
8390,4741,0.989833
4741,8390,0.989833
7840,7837,0.989823
8612,4819,0.989799
4819,8612,0.989799
2697,8461,0.989778
8461,2697,0.989778
11568,10670,0.989763
10670,11568,0.989763
1967,8108,0.989721
8108,1967,0.989721
4793,2319,0.989719
2319,4793,0.989719
2735,5167,0.989713
5167,2735,0.989713
7846,7849,0.989695
7849,7846,0.989695
12047,3440,0.989678
3440,12047,0.989678
2929,7786,0.989653
7786,2929,0.989653
7844,7843,0.989650
7843,7844,0.989650
5037,2543,0.989645
2543,5037,0.989645
4717,2187,0.989616
2187,4717,0.989616
2124,8239,0.989614
8239,2124,0.989614
10435,11491,0.989575
11491,10435,0.989575
9156,11163,0.989512
11163,9156,0.989512
10188,9261,0.989493
9261,10188,0.989493
1760,6645,0.989440
6645,1760,0.989440
7839,7838,0.989413
1271,5519,0.989385
5519,1271,0.989385
2461,8312,0.989328
8312,2461,0.989328
5094,2138,0.989307
2138,5094,0.989307
11092,11094,0.989203
11094,11092,0.989203
6287,6284,0.989119
6284,6287,0.989119
10143,2840,0.988896
2840,10143,0.988896
12071,3444,0.988881
3444,12071,0.988881
7851,7838,0.988735
7841,7840,0.988663
11549,11653,0.988627
11653,11549,0.988627
4064,8028,0.988572
8028,4064,0.988572
3928,3924,0.988569
3924,3928,0.988569
1264,10429,0.988555
10429,1264,0.988555
7847,7842,0.988554
7842,7847,0.988554
6285,6289,0.988552
6289,6285,0.988552
10728,11590,0.988521
11590,10728,0.988521
10226,10249,0.988490
7190,1816,0.988477
1816,7190,0.988477
6291,6293,0.988313
6293,6291,0.988313
7851,7842,0.988307
7842,7851,0.988307
9323,6962,0.988272
6962,9323,0.988272
1241,1246,0.988193
1246,1241,0.988193
7852,7841,0.988172
8398,2225,0.988155
2225,8398,0.988155
3286,5249,0.988153
5249,3286,0.988153
1771,6789,0.988116
6789,1771,0.988116
8339,2187,0.988094
2187,8339,0.988094
6992,1789,0.988065
1789,6992,0.988065
2567,5187,0.988011
5187,2567,0.988011
8011,8007,0.988009
8007,8011,0.988009
7323,3721,0.988007
3721,7323,0.988007
9037,11135,0.987993
11135,9037,0.987993
8006,8005,0.987913
8005,8006,0.987913
7839,7837,0.987913
10226,10212,0.987898
1459,5945,0.987862
5945,1459,0.987862
3392,12127,0.987845
12127,3392,0.987845
3392,12110,0.987811
12110,3392,0.987811
10524,11519,0.987730
11519,10524,0.987730
5295,5436,0.987697
5436,5295,0.987697
12009,3430,0.987693
3430,12009,0.987693
8307,2170,0.987672
2170,8307,0.987672
3824,7828,0.987626
7828,3824,0.987626
8012,8011,0.987613
12012,5507,0.987563
5507,12012,0.987563
5597,1333,0.987545
1333,5597,0.987545
8008,8005,0.987355
3319,12110,0.987347
1498,6116,0.987321
6116,1498,0.987321
7847,7851,0.987283
7849,7841,0.987282
8727,5299,0.987179
5299,8727,0.987179
2106,8222,0.987099
8222,2106,0.987099
4521,8333,0.987097
8333,4521,0.987097
6294,6293,0.987073
6293,6294,0.987073
2119,8232,0.987063
8232,2119,0.987063
2281,8529,0.987061
8529,2281,0.987061
8312,10978,0.987022
10978,8312,0.987022
6287,6283,0.986995
6283,6287,0.986995
7836,7847,0.986929
7836,7849,0.986928
10406,5434,0.986905
5434,10406,0.986905
4266,4269,0.986833
4269,4266,0.986833
1579,7705,0.986738
7705,1579,0.986738
4631,2139,0.986716
2139,4631,0.986716
9560,10070,0.986701
9565,10070,0.986701
10070,9565,0.986701
10070,9560,0.986701
11366,9994,0.986629
9994,11366,0.986629
7844,7845,0.986606
7852,7837,0.986543
1673,6306,0.986350
6306,1673,0.986350
7835,7846,0.986225
8395,2224,0.986048
2224,8395,0.986048
4855,2329,0.985891
2329,4855,0.985891
1634,7749,0.985869
7749,1634,0.985869
1281,8930,0.985846
8930,1281,0.985846
7172,1808,0.985840
1808,7172,0.985840
8006,8007,0.985837
2230,8401,0.985835
8401,2230,0.985835
11446,10284,0.985730
10284,11446,0.985730
11365,11323,0.985683
11323,11365,0.985683
8503,9349,0.985679
9349,8503,0.985679
8008,8007,0.985665
4804,4850,0.985650
4850,4804,0.985650
9324,9356,0.985518
9356,9324,0.985518
6281,6280,0.985495
6280,6281,0.985495
7965,2728,0.985458
2728,7965,0.985458
1861,7469,0.985440
7469,1861,0.985440
4811,4531,0.985439
4531,4811,0.985439
1827,7274,0.985411
7274,1827,0.985411
2340,4868,0.985378
4868,2340,0.985378
10655,11560,0.985371
11560,10655,0.985371
8261,8411,0.985334
8411,8261,0.985334
11150,11139,0.985265
11139,11150,0.985265
2461,10978,0.985199
10978,2461,0.985199
2702,2436,0.985169
2436,2702,0.985169
6291,6294,0.985102
6294,6291,0.985102
3319,3392,0.984900
7848,7846,0.984884
7676,3760,0.984846
3760,7676,0.984846
12161,12030,0.984792
12030,12161,0.984792
7835,7838,0.984769
3828,3851,0.984724
3851,3828,0.984724
11936,3425,0.984718
3425,11936,0.984718
6742,6387,0.984577
6387,6742,0.984577
7834,7847,0.984505
11426,11400,0.984491
11400,11426,0.984491
8810,10141,0.984340
10141,8810,0.984340
4296,8129,0.984312
8129,4296,0.984312
3878,7925,0.984149
7925,3878,0.984149
6507,1738,0.984107
1738,6507,0.984107
2295,8556,0.984050
8556,2295,0.984050
7848,7841,0.984028
7850,7843,0.983955
7843,7850,0.983955
8010,8005,0.983930
5388,9158,0.983812
9158,5388,0.983812
8919,9611,0.983771
9611,8919,0.983771
9662,9728,0.983765
9728,9662,0.983765
9349,4790,0.983575
4790,9349,0.983575
1520,6149,0.983533
6149,1520,0.983533
11874,11916,0.983443
11916,11874,0.983443
1200,1199,0.983299
1199,1200,0.983299
8258,9816,0.983293
9816,8258,0.983293
6265,2406,0.983291
2406,6265,0.983291
6307,5912,0.983285
5912,6307,0.983285
7640,1993,0.983271
1993,7640,0.983271
9446,10719,0.983241
10719,9446,0.983241
1295,11833,0.983195
11833,1295,0.983195
4110,4121,0.983117
4121,4110,0.983117
9079,11147,0.983069
11147,9079,0.983069
2244,8420,0.982994
8420,2244,0.982994
8969,5357,0.982953
5357,8969,0.982953
4118,4101,0.982889
4101,4118,0.982889
1492,6495,0.982882
6495,1492,0.982882
10788,9256,0.982877
9256,10788,0.982877
1769,6750,0.982852
6750,1769,0.982852
7705,4497,0.982840
4497,7705,0.982840
10234,10213,0.982784
10213,10234,0.982784
11095,8802,0.982779
8802,11095,0.982779
7398,1872,0.982583
1872,7398,0.982583
7834,7835,0.982456
8424,2247,0.982438
2247,8424,0.982438
5131,2610,0.982143
2610,5131,0.982143
10342,9745,0.982133
9745,10342,0.982133
8450,2261,0.982123
2261,8450,0.982123
8260,4633,0.982114
4633,8260,0.982114
8009,8007,0.982067
12109,12096,0.982064
12096,12109,0.982064
5205,2541,0.982037
2541,5205,0.982037
11914,11287,0.981937
11287,11914,0.981937
8012,8007,0.981930
8441,2258,0.981747
2258,8441,0.981747
1285,11826,0.981678
11826,1285,0.981678
8009,8011,0.981622
9829,11312,0.981553
11312,9829,0.981553
3809,7806,0.981541
7806,3809,0.981541
7134,7135,0.981503
7135,7134,0.981503
7850,7844,0.981420
9145,8767,0.981386
8767,9145,0.981386
2676,4850,0.981338
4850,2676,0.981338
10025,9073,0.981313
9073,10025,0.981313
4733,7727,0.981254
7727,4733,0.981254
2269,8488,0.981126
8488,2269,0.981126
11996,3428,0.981027
3428,11996,0.981027
9389,9640,0.980806
9640,9389,0.980806
11953,11877,0.980664
11877,11953,0.980664
5574,6950,0.980626
6950,5574,0.980626
665,666,0.980617
666,665,0.980617
9629,5397,0.980587
5397,9629,0.980587
5574,1787,0.980573
1787,5574,0.980573
8613,2317,0.980498
2317,8613,0.980498
8631,4839,0.980475
4839,8631,0.980475
10463,2441,0.980366
2441,10463,0.980366
10583,10036,0.980327
10036,10583,0.980327
8050,4144,0.980183
4144,8050,0.980183
7742,3781,0.980110
3781,7742,0.980110
2630,7522,0.979989
7522,2630,0.979989
7268,8250,0.979909
8250,7268,0.979909
11599,11602,0.979831
11602,11599,0.979831
6495,6111,0.979749
6111,6495,0.979749
1884,3761,0.979712
3761,1884,0.979712
11235,11501,0.979703
11501,11235,0.979703
2275,8520,0.979527
8520,2275,0.979527
3905,7949,0.979521
7949,3905,0.979521
6288,6291,0.979416
4634,8350,0.979213
8350,4634,0.979213
9833,9462,0.979199
9462,9833,0.979199
5074,4850,0.979095
2415,4973,0.979042
2415,4886,0.979042
11746,11747,0.979034
11747,11746,0.979034
2246,4752,0.978949
4752,2246,0.978949
6280,6282,0.978844
6282,6280,0.978844
11514,10486,0.978834
10486,11514,0.978834
4804,5074,0.978834
10987,11680,0.978783
11680,10987,0.978783
2977,2622,0.978747
2622,2977,0.978747
5805,6002,0.978714
6002,5805,0.978714
3607,6397,0.978608
6397,3607,0.978608
4607,3607,0.978477
10098,3389,0.978393
3389,10098,0.978393
3296,2813,0.978286
2813,3296,0.978286
11146,9070,0.978280
9070,11146,0.978280
11734,11683,0.978242
11683,11734,0.978242
1245,2748,0.978166
2674,4021,0.978162
4021,2674,0.978162
11501,11100,0.978015
11100,11501,0.978015
6279,6289,0.977984
6288,6294,0.977719
4599,8197,0.977609
8197,4599,0.977609
9683,7631,0.977554
7631,9683,0.977554
3031,4761,0.977526
4761,3031,0.977526
9524,8890,0.977465
8890,9524,0.977465
4958,4953,0.977359
4953,4958,0.977359
2147,8262,0.977339
8262,2147,0.977339
8284,2152,0.977291
2152,8284,0.977291
7161,1810,0.977268
1810,7161,0.977268
6213,7184,0.977258
7184,6213,0.977258
1947,4111,0.977244
4111,1947,0.977244
10320,5455,0.977166
5455,10320,0.977166
7796,5029,0.977091
5029,7796,0.977091
5972,1630,0.977067
1630,5972,0.977067
6265,4992,0.976988
4992,6265,0.976988
1551,8829,0.976959
8829,1551,0.976959
4141,6397,0.976808
1676,3615,0.976766
3615,1676,0.976766
1632,5971,0.976648
5971,1632,0.976648
2246,8426,0.976629
8426,2246,0.976629
5247,3170,0.976438
3170,5247,0.976438
2268,8489,0.976427
8489,2268,0.976427
2549,4973,0.976258
2549,4886,0.976258
6346,10579,0.976191
10579,6346,0.976191
2594,5261,0.976093
5261,2594,0.976093
8232,2056,0.976085
2056,8232,0.976085
6279,6291,0.975945
4101,4121,0.975909
4121,4101,0.975909
2056,8258,0.975869
8258,2056,0.975869
4669,8492,0.975854
8492,4669,0.975854
8444,8439,0.975752
8439,8444,0.975752
10511,11079,0.975657
11079,10511,0.975657
2730,2460,0.975651
2460,2730,0.975651
11231,3318,0.975391
3318,11231,0.975391
3317,11231,0.975391
11231,3317,0.975391
3431,12008,0.975246
12008,3431,0.975246
3688,7063,0.975172
7063,3688,0.975172
2404,2730,0.975166
2730,2404,0.975166
11821,11646,0.974902
11646,11821,0.974902
2986,2477,0.974888
2477,2986,0.974888
8687,10788,0.974762
10788,8687,0.974762
2225,2268,0.974752
2268,2225,0.974752
2921,3931,0.974637
3931,2921,0.974637
3396,11712,0.974561
11712,3396,0.974561
11169,8869,0.974496
8869,11169,0.974496
3778,7768,0.974489
7768,3778,0.974489
2781,2810,0.974460
2810,2781,0.974460
4118,4097,0.974399
4097,4118,0.974399
8793,10110,0.974289
10110,8793,0.974289
2119,2056,0.974287
4004,7995,0.974237
7995,4004,0.974237
3869,2046,0.973883
2046,3869,0.973883
9566,10093,0.973767
10093,9566,0.973767
9088,10235,0.973737
10235,9088,0.973737
8321,2171,0.973654
2171,8321,0.973654
8372,4309,0.973578
4309,8372,0.973578
4972,2612,0.973569
2612,4972,0.973569
2596,2370,0.973518
2370,2596,0.973518
2617,8508,0.973488
8508,2617,0.973488
7956,3931,0.973291
3931,7956,0.973291
5107,2642,0.973025
2642,5107,0.973025
1189,1190,0.972872
1190,1189,0.972872
6170,1531,0.972855
1531,6170,0.972855
1574,6209,0.972620
6209,1574,0.972620
10804,9983,0.972563
9983,10804,0.972563
3927,8114,0.972535
8114,3927,0.972535
2289,2974,0.972501
2974,2289,0.972501
2218,8388,0.972453
8388,2218,0.972453
2502,2589,0.972333
2589,2502,0.972333
1203,1200,0.972231
1200,1203,0.972231
1165,1166,0.972228
1166,1165,0.972228
7136,7135,0.972125
7135,7136,0.972125
6282,6279,0.972104
8546,2458,0.972076
2458,8546,0.972076
2949,8324,0.972028
8324,2949,0.972028
4890,4887,0.971999
4887,4890,0.971999
6645,6568,0.971952
6568,6645,0.971952
9312,9305,0.971888
9305,9312,0.971888
4882,2657,0.971735
2657,4882,0.971735
7356,3732,0.971708
3732,7356,0.971708
4097,4101,0.971698
9152,11168,0.971620
11168,9152,0.971620
11943,11990,0.971571
11990,11943,0.971571
2651,2994,0.971508
2994,2651,0.971508
8332,8232,0.971410
4942,7798,0.971398
7798,4942,0.971398
1047,1048,0.971312
1048,1047,0.971312
10401,8674,0.971128
8674,10401,0.971128
8410,7727,0.971118
7727,8410,0.971118
9426,8752,0.971054
8752,9426,0.971054
10868,9014,0.970981
9014,10868,0.970981
7467,6758,0.970740
6758,7467,0.970740
2482,2415,0.970726
12140,10737,0.970720
10737,12140,0.970720
5438,5978,0.970410
5978,5438,0.970410
6281,6282,0.970352
1878,3770,0.970205
3770,1878,0.970205
1167,1164,0.970153
1164,1167,0.970153
5057,4882,0.970000
4882,5057,0.970000
8691,11067,0.969948
11067,8691,0.969948
3723,7403,0.969933
7403,3723,0.969933
11079,5303,0.969879
5303,11079,0.969879
4643,8197,0.969841
8197,4643,0.969841
5693,5326,0.969806
5326,5693,0.969806
11410,11274,0.969740
11274,11410,0.969740
6286,6288,0.969582
7394,7135,0.969435
3106,8639,0.969379
8639,3106,0.969379
2118,4643,0.969309
1896,7804,0.969257
7804,1896,0.969257
8398,2268,0.969019
7450,7728,0.969013
7728,7450,0.969013
11345,11329,0.968995
11329,11345,0.968995
6980,5855,0.968888
5855,6980,0.968888
5247,6059,0.968868
6059,5247,0.968868
10091,5441,0.968860
5441,10091,0.968860
4887,2376,0.968778
2376,4887,0.968778
4240,8107,0.968692
8107,4240,0.968692
2589,5178,0.968527
5178,2589,0.968527
9816,2056,0.968502
4984,2399,0.968372
2399,4984,0.968372
8127,4311,0.968333
4311,8127,0.968333
5058,5148,0.968282
5148,5058,0.968282
4599,4643,0.968234
11395,10089,0.968230
10089,11395,0.968230
9510,5437,0.968147
5437,9510,0.968147
11550,11555,0.968144
11555,11550,0.968144
8209,8232,0.968130
8516,2239,0.968125
2239,8516,0.968125
4972,5121,0.968123
5121,4972,0.968123
2118,8197,0.968115
5364,10895,0.968112
10895,5364,0.968112
5115,4870,0.968003
4870,5115,0.968003
2482,2549,0.968001
2148,2952,0.967780
2952,2148,0.967780
1180,1179,0.967744
1179,1180,0.967744
3348,11965,0.967698
11965,3348,0.967698
12137,12141,0.967638
12141,12137,0.967638
8769,8770,0.967549
8770,8769,0.967549
1995,2110,0.967526
2110,1995,0.967526
8854,9130,0.967429
9130,8854,0.967429
4295,8113,0.967357
8113,4295,0.967357
7404,7319,0.967329
7319,7404,0.967329
4911,3083,0.967328
3083,4911,0.967328
7798,5034,0.967280
5034,7798,0.967280
1199,1203,0.967278
1203,1199,0.967278
8884,8883,0.967231
8883,8884,0.967231
1760,6568,0.967131
6568,1760,0.967131
2239,2265,0.967127
2265,2239,0.967127
12140,12137,0.967126
12137,12140,0.967126
2098,8332,0.967065
9104,11153,0.967064
11153,9104,0.967064
7767,3702,0.967014
3702,7767,0.967014
8711,9866,0.967014
9866,8711,0.967014
7136,7134,0.966860
7134,7136,0.966860
2758,2742,0.966859
2742,2758,0.966859
11982,11816,0.966831
11816,11982,0.966831
11159,10615,0.966777
10615,11159,0.966777
9135,9576,0.966756
9576,9135,0.966756
10081,10410,0.966627
10410,10081,0.966627
5148,2590,0.966555
2590,5148,0.966555
1952,2056,0.966550
4150,8062,0.966499
8062,4150,0.966499
3960,3928,0.966470
3928,3960,0.966470
1605,2736,0.966416
2736,1605,0.966416
2479,7398,0.966404
7398,2479,0.966404
9119,11161,0.966308
11161,9119,0.966308
8140,1878,0.966296
1878,8140,0.966296
3677,6910,0.966223
6910,3677,0.966223
9637,9041,0.966190
9041,9637,0.966190
3170,6059,0.966124
6059,3170,0.966124
2116,2119,0.966102
8516,2172,0.966045
2172,8516,0.966045
8249,2133,0.965977
2133,8249,0.965977
5452,5517,0.965944
5517,5452,0.965944
11624,10815,0.965928
10815,11624,0.965928
1952,8197,0.965801
3320,3318,0.965763
3320,3317,0.965763
11846,3296,0.965740
8687,9256,0.965513
9256,8687,0.965513
8179,6476,0.965469
6476,8179,0.965469
2642,2576,0.965457
2576,2642,0.965457
8689,9037,0.965455
9037,8689,0.965455
11996,11816,0.965403
11816,11996,0.965403
9828,4434,0.965388
4434,9828,0.965388
8489,8398,0.965340
11561,10902,0.965331
10902,11561,0.965331
11846,3295,0.965298
2596,4915,0.965296
4915,2596,0.965296
5805,5910,0.965269
5910,5805,0.965269
1907,9816,0.965232
11798,3405,0.965231
3405,11798,0.965231
4475,2315,0.965210
2315,4475,0.965210
8295,2110,0.965179
2110,8295,0.965179
6764,2005,0.965160
2005,6764,0.965160
5998,11097,0.965147
11097,5998,0.965147
9290,6499,0.965036
6499,9290,0.965036
10578,2603,0.964957
2603,10578,0.964957
11652,11625,0.964826
11625,11652,0.964826
2212,2239,0.964819
11619,11106,0.964763
11106,11619,0.964763
6002,5910,0.964734
5910,6002,0.964734
9658,6728,0.964634
6728,9658,0.964634
2634,2581,0.964628
2581,2634,0.964628
1201,1199,0.964592
1176,1174,0.964550
1174,1176,0.964550
8140,3770,0.964539
3770,8140,0.964539
2177,2949,0.964344
2949,2177,0.964344
4674,3017,0.964266
3017,4674,0.964266
1167,1166,0.964193
1166,1167,0.964193
10737,12136,0.964190
12136,10737,0.964190
8044,6275,0.964177
6275,8044,0.964177
2484,2742,0.964160
2742,2484,0.964160
6220,6234,0.964035
6234,6220,0.964035
10091,10804,0.963907
10804,10091,0.963907
4110,4101,0.963856
2309,2225,0.963826
7871,1901,0.963804
1901,7871,0.963804
4065,3892,0.963771
3892,4065,0.963771
1778,8280,0.963742
8280,1778,0.963742
4258,9668,0.963656
9668,4258,0.963656
10237,9640,0.963576
9640,10237,0.963576
2288,4077,0.963575
4077,2288,0.963575
1245,2471,0.963480
4017,3930,0.963476
3930,4017,0.963476
11321,11756,0.963467
11756,11321,0.963467
1907,8258,0.963255
11998,11816,0.963204
6286,6284,0.963107
1165,1167,0.963066
9872,11066,0.962971
11066,9872,0.962971
7540,4599,0.962926
2612,5121,0.962922
5121,2612,0.962922
7667,3764,0.962916
3764,7667,0.962916
6570,1756,0.962892
1756,6570,0.962892
11943,11961,0.962843
11961,11943,0.962843
5858,5703,0.962729
5703,5858,0.962729
12136,12140,0.962725
7394,7134,0.962685
1201,1200,0.962634
8416,4733,0.962621
10990,11056,0.962612
11056,10990,0.962612
2729,2605,0.962533
2605,2729,0.962533
8770,8775,0.962411
8775,8770,0.962411
1881,7602,0.962400
7602,1881,0.962400
4950,2642,0.962337
10991,10482,0.962328
10482,10991,0.962328
8769,8775,0.962219
8775,8769,0.962219
1880,8209,0.962155
8324,2177,0.962102
2177,8324,0.962102
7441,1909,0.961998
1909,7441,0.961998
2677,5125,0.961936
5125,2677,0.961936
2786,4972,0.961907
9036,11150,0.961896
11150,9036,0.961896
2212,8516,0.961816
5438,10142,0.961774
10142,5438,0.961774
11505,11447,0.961736
11447,11505,0.961736
5067,4504,0.961612
4504,5067,0.961612
5703,5910,0.961609
2265,2212,0.961505
3461,9522,0.961463
9522,3461,0.961463
4636,4612,0.961451
4612,4636,0.961451
5107,2576,0.961406
11998,11996,0.961384
1910,9816,0.961363
2279,8531,0.961355
8531,2279,0.961355
8510,2273,0.961256
2273,8510,0.961256
7441,7660,0.961098
7660,7441,0.961098
1880,2098,0.961046
5858,5910,0.960955
2309,8398,0.960943
1995,8295,0.960891
8295,1995,0.960891
11766,11649,0.960779
11649,11766,0.960779
5053,2642,0.960750
5441,10804,0.960701
11332,11346,0.960649
11346,11332,0.960649
8736,8769,0.960579
2543,4929,0.960527
4929,2543,0.960527
10697,11574,0.960502
11574,10697,0.960502
1198,1203,0.960477
10815,5279,0.960348
11671,11520,0.960308
11520,11671,0.960308
8883,8843,0.960303
8843,8883,0.960303
6514,6329,0.960280
6329,6514,0.960280
11586,11559,0.960241
11559,11586,0.960241
3175,8313,0.960198
8313,3175,0.960198
10271,10690,0.960182
10690,10271,0.960182
8792,3146,0.960083
3146,8792,0.960083
8468,2263,0.960046
2263,8468,0.960046
3421,1787,0.959965
9746,2064,0.959965
2064,9746,0.959965
4781,4779,0.959923
4779,4781,0.959923
2681,2676,0.959884
3785,6781,0.959757
6781,3785,0.959757
5844,3027,0.959726
3027,5844,0.959726
8237,2535,0.959700
2535,8237,0.959700
4045,4017,0.959672
4017,4045,0.959672
9766,7882,0.959461
7882,9766,0.959461
8416,7727,0.959385
9355,9288,0.959371
9288,9355,0.959371
5083,2676,0.959358
11264,9564,0.959338
9564,11264,0.959338
6391,1862,0.959263
1862,6391,0.959263
1594,6331,0.959251
6331,1594,0.959251
2535,8623,0.959206
8623,2535,0.959206
3421,6950,0.958987
12141,12140,0.958806
1862,1707,0.958793
1707,1862,0.958793
8076,3027,0.958775
3027,8076,0.958775
11580,11695,0.958732
11695,11580,0.958732
11990,11961,0.958691
11961,11990,0.958691
2613,2232,0.958691
2232,2613,0.958691
3146,10939,0.958681
10939,3146,0.958681
3960,3924,0.958666
3924,3960,0.958666
7540,8197,0.958659
10950,7958,0.958596
7958,10950,0.958596
8022,5844,0.958587
11471,10409,0.958566
10409,11471,0.958566
11559,11580,0.958560
11580,11559,0.958560
11162,9158,0.958509
9158,11162,0.958509
10660,11564,0.958470
11564,10660,0.958470
11602,11585,0.958467
11585,11602,0.958467
2116,8232,0.958399
2172,2239,0.958247
4202,1959,0.958239
1959,4202,0.958239
8884,8843,0.958184
8843,8884,0.958184
8095,6071,0.958163
6071,8095,0.958163
11994,11958,0.958161
11958,11994,0.958161
478,476,0.958107
476,478,0.958107
7896,7931,0.958049
7931,7896,0.958049
10834,3394,0.958021
3394,10834,0.958021
2412,2556,0.957955
2556,2412,0.957955
4942,8306,0.957940
8306,4942,0.957940
10179,9481,0.957936
9481,10179,0.957936
4721,2235,0.957915
2235,4721,0.957915
4974,2639,0.957891
2639,4974,0.957891
10870,10281,0.957882
10281,10870,0.957882
4816,6546,0.957718
6546,4816,0.957718
11139,9036,0.957595
9036,11139,0.957595
1198,1200,0.957560
8689,11135,0.957528
11135,8689,0.957528
3331,9582,0.957494
9582,3331,0.957494
4298,8139,0.957442
8139,4298,0.957442
1177,1178,0.957405
1178,1177,0.957405
2578,10190,0.957369
10190,2578,0.957369
7573,7494,0.957338
7494,7573,0.957338
6389,1590,0.957318
1590,6389,0.957318
3004,2427,0.957269
2427,3004,0.957269
10786,9594,0.957193
9594,10786,0.957193
10870,10804,0.957183
11600,11602,0.957132
8739,8691,0.957111
8691,8739,0.957111
10483,10366,0.957107
10366,10483,0.957107
1594,1688,0.957068
1688,1594,0.957068
6459,6484,0.957042
6484,6459,0.957042
8469,3378,0.956966
3378,8469,0.956966
2768,4927,0.956950
4927,2768,0.956950
9960,11357,0.956768
11357,9960,0.956768
4880,4839,0.956756
4839,4880,0.956756
9140,6230,0.956645
6230,9140,0.956645
5034,4942,0.956640
2256,2177,0.956575
4778,4775,0.956528
4775,4778,0.956528
9206,8776,0.956412
8776,9206,0.956412
3550,3518,0.956371
3518,3550,0.956371
11695,11559,0.956343
10237,9389,0.956220
9389,10237,0.956220
8831,8618,0.956186
8618,8831,0.956186
7152,3699,0.956165
3699,7152,0.956165
8768,8739,0.956159
8739,8768,0.956159
10643,10626,0.956085
10626,10643,0.956085
9480,9232,0.956063
9232,9480,0.956063
11966,11990,0.956042
1467,1396,0.955957
1396,1467,0.955957
476,477,0.955956
477,476,0.955956
4587,4599,0.955953
5828,9700,0.955886
9700,5828,0.955886
2607,2489,0.955885
2489,2607,0.955885
7187,7206,0.955819
7206,7187,0.955819
5743,5856,0.955793
5856,5743,0.955793
3191,2758,0.955746
2758,3191,0.955746
4684,4721,0.955735
4721,4684,0.955735
4870,2692,0.955692
2692,4870,0.955692
10466,10873,0.955686
10873,10466,0.955686
4660,9746,0.955672
9746,4660,0.955672
4043,4045,0.955578
4045,4043,0.955578
1910,2118,0.955540
5360,5682,0.955513
5682,5360,0.955513
10747,11598,0.955392
11598,10747,0.955392
2716,2528,0.955388
2528,2716,0.955388
2687,2732,0.955375
2732,2687,0.955375
2261,2213,0.955290
2213,2261,0.955290
7167,7189,0.955271
7189,7167,0.955271
5060,7821,0.955264
7821,5060,0.955264
8790,8845,0.955224
8845,8790,0.955224
10773,11606,0.955123
11606,10773,0.955123
10675,8790,0.955115
10853,10910,0.955085
10910,10853,0.955085
10411,11066,0.955044
11066,10411,0.955044
7023,6893,0.954929
6893,7023,0.954929
1919,8043,0.954890
8043,1919,0.954890
10918,8845,0.954714
8845,10918,0.954714
4043,1939,0.954635
1939,4043,0.954635
5740,12140,0.954529
1939,8005,0.954515
2479,1872,0.954393
1872,2479,0.954393
7664,7656,0.954359
7656,7664,0.954359
2336,2376,0.954346
1164,1165,0.954342
4258,10411,0.954310
2336,4890,0.954298
4731,2945,0.954199
2945,4731,0.954199
11062,5282,0.954108
5282,11062,0.954108
6485,10960,0.954095
10960,6485,0.954095
4716,2379,0.954012
2379,4716,0.954012
8111,7007,0.953993
7007,8111,0.953993
1169,1168,0.953944
1168,1169,0.953944
1627,1608,0.953935
1608,1627,0.953935
4238,4462,0.953927
4462,4238,0.953927
1919,1953,0.953903
1953,1919,0.953903
2556,5005,0.953888
5005,2556,0.953888
12096,12121,0.953886
12121,12096,0.953886
1160,1159,0.953825
1159,1160,0.953825
2289,2451,0.953808
2451,2289,0.953808
6347,1590,0.953740
1590,6347,0.953740
9155,8775,0.953723
2584,4827,0.953716
4827,2584,0.953716
2705,4915,0.953584
5037,4929,0.953548
4929,5037,0.953548
4031,3972,0.953491
3972,4031,0.953491
4950,2576,0.953485
4263,4367,0.953391
4367,4263,0.953391
6764,3009,0.953354
3009,6764,0.953354
3845,7515,0.953282
7515,3845,0.953282
5734,12141,0.953221
4681,2150,0.953177
2150,4681,0.953177
10675,10918,0.953169
10233,5623,0.953160
5623,10233,0.953160
8760,8769,0.953157
6178,3122,0.953091
3122,6178,0.953091
10544,11527,0.953067
11527,10544,0.953067
4587,8197,0.953060
9430,11476,0.953041
11476,9430,0.953041
8181,4317,0.952921
4317,8181,0.952921
4255,2048,0.952842
2048,4255,0.952842
2484,2758,0.952837
10572,10485,0.952821
10485,10572,0.952821
5701,11965,0.952779
11965,5701,0.952779
9468,9228,0.952599
9228,9468,0.952599
5333,1390,0.952592
1390,5333,0.952592
3169,4635,0.952548
4635,3169,0.952548
11652,2849,0.952541
2849,11652,0.952541
1525,6018,0.952518
6018,1525,0.952518
11745,11540,0.952400
11540,11745,0.952400
2270,2577,0.952385
2577,2270,0.952385
8486,5164,0.952342
5164,8486,0.952342
9668,7973,0.952300
7973,9668,0.952300
5740,10737,0.952294
11183,5399,0.952254
5399,11183,0.952254
2167,8397,0.952128
8397,2167,0.952128
2705,2596,0.952093
10486,10320,0.952079
10320,10486,0.952079
805,3089,0.952042
3089,805,0.952042
2569,4321,0.952040
4321,2569,0.952040
10554,1288,0.951976
1288,10554,0.951976
5455,10486,0.951947
8392,2303,0.951758
2303,8392,0.951758
3005,2970,0.951747
2970,3005,0.951747
3008,5115,0.951697
7729,10730,0.951692
10730,7729,0.951692
4783,5037,0.951670
4783,4929,0.951648
3757,7631,0.951615
7631,3757,0.951615
11975,1390,0.951549
1390,11975,0.951549
8271,2042,0.951487
2042,8271,0.951487
7454,7839,0.951478
11585,11599,0.951464
11599,11585,0.951464
6225,6234,0.951442
6234,6225,0.951442
4474,4599,0.951393
4367,3744,0.951360
3744,4367,0.951360
11808,11821,0.951303
11821,11808,0.951303
8306,5034,0.951260
5950,5952,0.951129
5952,5950,0.951129
4728,8465,0.951127
8465,4728,0.951127
5431,10351,0.951031
10351,5431,0.951031
9658,10449,0.951019
10449,9658,0.951019
2849,10910,0.950975
10910,2849,0.950975
2256,2110,0.950918
5452,6096,0.950837
6096,5452,0.950837
11462,10378,0.950804
10378,11462,0.950804
834,859,0.950800
859,834,0.950800
7701,5060,0.950784
5060,7701,0.950784
8397,2239,0.950783
7585,3770,0.950714
7931,7848,0.950679
6807,3635,0.950665
3635,6807,0.950665
8622,3005,0.950647
3005,8622,0.950647
3161,7805,0.950637
7805,3161,0.950637
5734,12139,0.950624
12139,5734,0.950624
11470,11656,0.950603
11656,11470,0.950603
7454,7845,0.950593
10425,10544,0.950578
10544,10425,0.950578
8450,8392,0.950561
8392,8450,0.950561
5702,11967,0.950534
11967,5702,0.950534
10853,2849,0.950510
9480,8838,0.950471
8838,9480,0.950471
8612,1887,0.950400
1887,8612,0.950400
8757,8769,0.950394
9502,9396,0.950359
9396,9502,0.950359
10278,7931,0.950348
2064,8403,0.950294
8403,2064,0.950294
8736,8770,0.950202
7680,8612,0.950189
12109,12146,0.950162
12146,12109,0.950162
1497,1510,0.950125
1510,1497,0.950125
4660,2064,0.950088
11586,11580,0.950075
3930,8018,0.950073
8018,3930,0.950073
1953,8043,0.949983
8043,1953,0.949983
5258,2594,0.949921
2594,5258,0.949921
10334,10340,0.949915
10340,10334,0.949915
12139,12141,0.949895
4982,4978,0.949813
4978,4982,0.949813
10142,5978,0.949723
5978,10142,0.949723
9625,9405,0.949660
9405,9625,0.949660
2839,2861,0.949639
2861,2839,0.949639
6053,1574,0.949590
1574,6053,0.949590
7432,2549,0.949525
2644,2785,0.949461
2785,2644,0.949461
9189,9324,0.949441
9324,9189,0.949441
3191,2742,0.949354
5705,8967,0.949308
8967,5705,0.949308
8018,8005,0.949267
8441,8448,0.949214
8448,8441,0.949214
8582,3139,0.949117
3139,8582,0.949117
9730,5815,0.949099
5815,9730,0.949099
3869,7218,0.949091
7218,3869,0.949091
3098,2945,0.948944
2945,3098,0.948944
9155,8769,0.948908
4781,4774,0.948895
4774,4781,0.948895
2303,2261,0.948880
3873,3828,0.948847
3828,3873,0.948847
7946,3915,0.948796
3915,7946,0.948796
9967,10049,0.948764
10049,9967,0.948764
4725,3147,0.948701
3147,4725,0.948701
12142,12139,0.948656
3978,4031,0.948645
4031,3978,0.948645
9374,5640,0.948619
5640,9374,0.948619
9084,9102,0.948617
9102,9084,0.948617
1194,1190,0.948607
1190,1194,0.948607
8631,4880,0.948603
4880,8631,0.948603
7948,8043,0.948583
4474,4587,0.948582
555,554,0.948544
554,555,0.948544
3757,9683,0.948437
9683,3757,0.948437
7541,8232,0.948436
8022,8076,0.948404
2258,8448,0.948347
8448,2258,0.948347
2241,2265,0.948324
389,388,0.948110
388,389,0.948110
11253,11573,0.948000
11573,11253,0.948000
2277,2064,0.947981
10854,11026,0.947971
11026,10854,0.947971
2277,8403,0.947955
8403,2277,0.947955
6225,6220,0.947926
6220,6225,0.947926
8439,8466,0.947917
8466,8439,0.947917
11059,9051,0.947889
9051,11059,0.947889
7666,7671,0.947845
7671,7666,0.947845
2725,5204,0.947823
5204,2725,0.947823
11182,9242,0.947815
9242,11182,0.947815
2974,2451,0.947785
2451,2974,0.947785
6058,5181,0.947733
5181,6058,0.947733
9983,10107,0.947730
10107,9983,0.947730
10360,9481,0.947729
9481,10360,0.947729
2170,8316,0.947671
8316,2170,0.947671
10884,2849,0.947657
7671,7513,0.947639
7513,7671,0.947639
10688,9687,0.947622
9687,10688,0.947622
8402,2752,0.947586
2752,8402,0.947586
6276,2870,0.947564
2870,6276,0.947564
11631,11496,0.947511
11496,11631,0.947511
9135,6226,0.947507
6226,9135,0.947507
2344,5163,0.947500
5163,2344,0.947500
11059,8679,0.947463
8679,11059,0.947463
4974,2464,0.947457
2464,4974,0.947457
1542,1574,0.947443
11403,11454,0.947433
11454,11403,0.947433
10107,10804,0.947426
2217,2258,0.947307
2519,2174,0.947274
2174,2519,0.947274
7041,5023,0.947274
5023,7041,0.947274
8307,8316,0.947240
8316,8307,0.947240
10885,10543,0.947202
10543,10885,0.947202
11180,5395,0.947106
5395,11180,0.947106
1372,7931,0.947074
3332,3391,0.947002
3391,3332,0.947002
5291,11839,0.946977
11839,5291,0.946977
2998,4974,0.946947
6970,3680,0.946876
3680,6970,0.946876
4965,6732,0.946875
6732,4965,0.946875
8976,8541,0.946868
8541,8976,0.946868
7718,4731,0.946867
4731,7718,0.946867
12135,12134,0.946859
12134,12135,0.946859
7301,5926,0.946825
5926,7301,0.946825
9291,10954,0.946821
10954,9291,0.946821
3230,7006,0.946807
7006,3230,0.946807
6212,3198,0.946766
3198,6212,0.946766
3161,1801,0.946738
1801,3161,0.946738
9465,11244,0.946737
11244,9465,0.946737
8304,8489,0.946713
2213,8450,0.946579
2241,2172,0.946563
3139,2945,0.946488
9765,2219,0.946484
2219,9765,0.946484
6347,6389,0.946456
6389,6347,0.946456
7585,1878,0.946449
1244,1242,0.946448
1242,1244,0.946448
1161,1162,0.946423
1162,1161,0.946423
6315,6095,0.946329
6095,6315,0.946329
3610,4275,0.946322
4275,3610,0.946322
3307,6121,0.946308
6121,3307,0.946308
5420,5858,0.946294
11625,2849,0.946283
8055,3033,0.946244
3033,8055,0.946244
2733,2642,0.946233
3008,2692,0.946209
12134,12138,0.946124
12138,12134,0.946124
12151,12142,0.946096
12142,12151,0.946096
7973,4258,0.946095
7664,2303,0.946084
4321,5145,0.946033
5145,4321,0.946033
10765,10950,0.946029
10950,10765,0.946029
401,399,0.946014
399,401,0.946014
12151,12140,0.945980
11691,11692,0.945969
11692,11691,0.945969
3978,3972,0.945916
3972,3978,0.945916
2311,8603,0.945910
8603,2311,0.945910
9112,10925,0.945867
10925,9112,0.945867
9045,8946,0.945847
8946,9045,0.945847
5040,2229,0.945772
2552,6513,0.945744
6513,2552,0.945744
876,10831,0.945739
10831,876,0.945739
7656,2153,0.945663
2153,7656,0.945663
10192,8943,0.945597
8943,10192,0.945597
7581,8573,0.945595
8573,7581,0.945595
10263,11156,0.945545
11156,10263,0.945545
7480,7254,0.945488
7254,7480,0.945488
5073,4974,0.945458
11067,8739,0.945421
8602,8392,0.945407
4708,8311,0.945398
8311,4708,0.945398
10765,7958,0.945378
7958,10765,0.945378
4694,2453,0.945347
2453,4694,0.945347
10854,9502,0.945337
9502,10854,0.945337
7896,7952,0.945330
7952,7896,0.945330
4774,4779,0.945322
4779,4774,0.945322
477,478,0.945285
478,477,0.945285
5045,4694,0.945244
4694,5045,0.945244
6209,5809,0.945238
5809,6209,0.945238
2332,2508,0.945211
2508,2332,0.945211
8451,10274,0.945166
10274,8451,0.945166
11320,11314,0.945083
11314,11320,0.945083
1785,7206,0.945001
7206,1785,0.945001
5952,6064,0.944999
6064,5952,0.944999
2106,2268,0.944973
5040,4886,0.944956
9368,4671,0.944955
4671,9368,0.944955
5739,12047,0.944910
12047,5739,0.944910
8222,2268,0.944794
10360,10179,0.944759
10179,10360,0.944759
10884,11625,0.944742
9189,9356,0.944739
9356,9189,0.944739
3881,7931,0.944678
1187,1188,0.944653
1188,1187,0.944653
9469,11245,0.944639
11245,9469,0.944639
1460,1395,0.944639
1395,1460,0.944639
5420,5703,0.944636
9484,10542,0.944592
10542,9484,0.944592
6034,9966,0.944489
9966,6034,0.944489
7310,4873,0.944458
4873,7310,0.944458
10944,11667,0.944438
11667,10944,0.944438
4165,8072,0.944426
8072,4165,0.944426
6167,2004,0.944419
2004,6167,0.944419
10313,11474,0.944373
11474,10313,0.944373
3428,11816,0.944360
2282,2289,0.944328
5793,9128,0.944298
9128,5793,0.944298
4596,4615,0.944077
4615,4596,0.944077
10236,9837,0.944034
9837,10236,0.944034
2998,2639,0.944023
2639,2998,0.944023
6096,5517,0.944001
5517,6096,0.944001
1515,1528,0.944000
1528,1515,0.944000
8511,2282,0.943908
2282,8511,0.943908
11514,5455,0.943839
8638,4643,0.943750
9092,9120,0.943745
9120,9092,0.943745
1189,1194,0.943726
1194,1189,0.943726
5092,3027,0.943713
11484,11369,0.943670
11369,11484,0.943670
3771,7585,0.943611
4064,7837,0.943580
6038,3355,0.943543
3355,6038,0.943543
7660,7979,0.943524
7979,7660,0.943524
6808,9658,0.943488
6402,6807,0.943450
6807,6402,0.943450
11851,9374,0.943427
9374,11851,0.943427
7541,4643,0.943374
8028,7837,0.943364
10787,5441,0.943331
9727,11127,0.943279
11127,9727,0.943279
8602,2233,0.943268
2233,8602,0.943268
11331,9898,0.943234
9898,11331,0.943234
8065,8026,0.943145
8026,8065,0.943145
6644,6695,0.943113
6695,6644,0.943113
9033,11150,0.943053
2425,2234,0.943041
2234,2425,0.943041
2235,4684,0.943034
4684,2235,0.943034
12097,11994,0.942998
11994,12097,0.942998
7450,2607,0.942993
2607,7450,0.942993
8757,8775,0.942958
7551,2119,0.942939
8202,8556,0.942921
8556,8202,0.942921
4659,4636,0.942908
4636,4659,0.942908
11442,11573,0.942898
11573,11442,0.942898
2515,7711,0.942881
7711,2515,0.942881
1818,7214,0.942806
7214,1818,0.942806
5809,1574,0.942792
4939,7656,0.942781
9368,4798,0.942759
4798,9368,0.942759
5183,4850,0.942741
725,9206,0.942712
9206,725,0.942712
5639,601,0.942709
601,5639,0.942709
4876,4873,0.942691
4873,4876,0.942691
6862,7298,0.942686
7298,6862,0.942686
11982,11998,0.942613
12067,11958,0.942607
11958,12067,0.942607
8900,10379,0.942533
10379,8900,0.942533
3346,3337,0.942521
3337,3346,0.942521
5388,11162,0.942461
11162,5388,0.942461
2373,7569,0.942444
7569,2373,0.942444
2167,2239,0.942426
1195,1196,0.942426
1196,1195,0.942426
3881,10278,0.942398
4979,4755,0.942353
4979,5047,0.942353
5047,4979,0.942353
4755,4979,0.942353
7860,8197,0.942343
7860,4643,0.942338
2069,9658,0.942333
4165,1958,0.942231
1958,4165,0.942231
8402,2096,0.942113
2096,8402,0.942113
8444,8466,0.942111
8466,8444,0.942111
4764,5092,0.942110
5092,4764,0.942110
1595,1542,0.942018
10867,11647,0.941931
11647,10867,0.941931
3025,7217,0.941885
7217,3025,0.941885
4728,8272,0.941869
8272,4728,0.941869
11537,10589,0.941852
10589,11537,0.941852
9365,11220,0.941834
11220,9365,0.941834
1882,8204,0.941832
8204,1882,0.941832
2538,7221,0.941827
7221,2538,0.941827
8881,9176,0.941826
9176,8881,0.941826
1785,7187,0.941818
7187,1785,0.941818
4674,5122,0.941789
5122,4674,0.941789
5183,4804,0.941785
11521,10485,0.941765
10485,11521,0.941765
5016,5078,0.941732
5078,5016,0.941732
8866,11116,0.941706
11116,8866,0.941706
11442,11253,0.941671
11253,11442,0.941671
4039,1939,0.941444
11506,11504,0.941429
11504,11506,0.941429
11507,11955,0.941387
11955,11507,0.941387
1595,1574,0.941361
2670,5057,0.941251
12145,5734,0.941243
2652,2558,0.941234
2558,2652,0.941234
9458,10436,0.941198
10436,9458,0.941198
1223,1227,0.941140
1227,1223,0.941140
12097,11958,0.941136
7446,3742,0.940885
3742,7446,0.940885
4775,4781,0.940873
6162,6053,0.940857
495,443,0.940848
443,495,0.940848
7739,4643,0.940828
2217,8441,0.940797
3440,5739,0.940747
5739,3440,0.940747
1406,1395,0.940712
1395,1406,0.940712
1370,5853,0.940706
5853,1370,0.940706
6162,1542,0.940651
2210,4643,0.940608
10281,10787,0.940605
10787,10281,0.940605
2046,7218,0.940530
7218,2046,0.940530
1608,1722,0.940466
1722,1608,0.940466
5701,3348,0.940463
3348,5701,0.940463
4202,4140,0.940419
4140,4202,0.940419
8237,8623,0.940402
8623,8237,0.940402
2752,2096,0.940398
2096,2752,0.940398
6411,7057,0.940326
7057,6411,0.940326
11600,11599,0.940307
1909,7660,0.940290
6339,6356,0.940270
6356,6339,0.940270
7952,3881,0.940233
4119,2650,0.940144
8419,8368,0.940141
8368,8419,0.940141
8760,8775,0.940101
10571,10519,0.940098
10519,10571,0.940098
8581,4939,0.940038
4939,8581,0.940038
2347,8474,0.940013
8474,2347,0.940013
5741,12035,0.940010
12035,5741,0.940010
6637,6598,0.939983
6598,6637,0.939983
11988,12021,0.939969
12021,11988,0.939969
9051,8679,0.939954
8679,9051,0.939954
10114,9397,0.939906
9397,10114,0.939906
9060,10116,0.939903
10116,9060,0.939903
4109,4417,0.939899
4417,4109,0.939899
9232,8838,0.939877
8838,9232,0.939877
5386,12053,0.939803
12053,5386,0.939803
8422,8466,0.939697
10449,2069,0.939695
7551,2116,0.939638
7942,7851,0.939588
9406,9910,0.939492
9910,9406,0.939492
8313,4915,0.939400
4955,3191,0.939350
11624,5279,0.939336
1689,1590,0.939311
8638,1907,0.939295
3056,2393,0.939260
2393,3056,0.939260
3044,6364,0.939254
6364,3044,0.939254
2210,8332,0.939242
2504,2391,0.939229
2391,2504,0.939229
4899,4904,0.939219
4904,4899,0.939219
6728,10449,0.939214
9989,11364,0.939193
11364,9989,0.939193
7739,8332,0.939155
7001,6249,0.939131
6249,7001,0.939131
11426,10249,0.939122
4819,7680,0.939092
7711,4975,0.939078
4975,7711,0.939078
3873,3851,0.939046
3851,3873,0.939046
3013,2945,0.938963
7942,1372,0.938962
2224,2583,0.938878
2583,2224,0.938878
9033,9036,0.938860
7632,7789,0.938749
7789,7632,0.938749
5258,5261,0.938574
5261,5258,0.938574
11680,11764,0.938568
11764,11680,0.938568
11026,9502,0.938436
2786,5121,0.938413
4690,6068,0.938402
6068,4690,0.938402
6808,2069,0.938363
5044,5057,0.938344
3002,3043,0.938315
3043,3002,0.938315
10772,11586,0.938264
11583,11496,0.938197
11496,11583,0.938197
3009,2005,0.938191
2005,3009,0.938191
5488,9291,0.938167
9291,5488,0.938167
11521,11586,0.938144
2233,8392,0.938114
3019,7656,0.938012
5995,7885,0.938008
7885,5995,0.938008
2153,2303,0.937849
11193,11580,0.937835
7001,6515,0.937818
6515,7001,0.937818
10982,1568,0.937808
1568,10982,0.937808
11955,11518,0.937790
11518,11955,0.937790
8581,2153,0.937780
1222,1227,0.937741
1227,1222,0.937741
11199,11988,0.937700
11988,11199,0.937700
6608,6861,0.937682
6861,6608,0.937682
6561,6762,0.937621
6762,6561,0.937621
4778,4781,0.937617
1957,7557,0.937577
7557,1957,0.937577
7487,7444,0.937486
7444,7487,0.937486
9140,1617,0.937484
1617,9140,0.937484
8776,725,0.937440
725,8776,0.937440
1384,12049,0.937434
12049,1384,0.937434
8092,2313,0.937270
2313,8092,0.937270
9231,1953,0.937179
11764,11591,0.937089
11591,11764,0.937089
1222,1223,0.937080
1223,1222,0.937080
8421,2247,0.937054
2247,8421,0.937054
8304,2268,0.937049
5951,2721,0.937017
2721,5951,0.937017
9176,9402,0.937006
9402,9176,0.937006
2768,5135,0.936948
5135,2768,0.936948
11655,11652,0.936889
11966,11943,0.936879
2489,7450,0.936846
7432,2415,0.936791
2988,5163,0.936759
5163,2988,0.936759
7821,2484,0.936735
3445,11958,0.936706
3019,7664,0.936705
7418,6764,0.936682
4129,4093,0.936600
4093,4129,0.936600
11193,11586,0.936550
4119,8417,0.936459
2521,4731,0.936434
7644,7712,0.936408
7712,7644,0.936408
10331,10298,0.936372
10298,10331,0.936372
7799,8272,0.936328
8272,7799,0.936328
11151,9465,0.936301
9465,11151,0.936301
3445,11994,0.936251
9107,10107,0.936203
8265,2196,0.936183
2196,8265,0.936183
11484,11766,0.936174
11766,11484,0.936174
3135,2370,0.936102
8551,7886,0.936081
7886,8551,0.936081
4777,4781,0.936073
5100,3907,0.935913
3907,5100,0.935913
2531,2391,0.935782
2391,2531,0.935782
3915,7688,0.935772
7688,3915,0.935772
11400,10249,0.935735
5824,4752,0.935629
1216,1215,0.935585
1215,1216,0.935585
4245,1963,0.935568
1963,4245,0.935568
4103,4003,0.935564
4003,4103,0.935564
2501,2504,0.935558
2504,2501,0.935558
9243,10475,0.935540
10475,9243,0.935540
9576,6226,0.935533
6226,9576,0.935533
9243,10360,0.935489
11546,11518,0.935472
11518,11546,0.935472
2176,8304,0.935454
3358,8709,0.935452
8709,3358,0.935452
10673,11571,0.935410
11571,10673,0.935410
6672,7499,0.935366
7499,6672,0.935366
9981,10420,0.935351
10420,9981,0.935351
8820,5960,0.935343
5960,8820,0.935343
1444,1734,0.935181
1734,1444,0.935181
4546,2218,0.935161
2218,4546,0.935161
12021,11199,0.935133
11199,12021,0.935133
11457,5418,0.935120
5418,11457,0.935120
7477,6905,0.935071
6905,7477,0.935071
3034,3071,0.935033
3071,3034,0.935033
5821,5993,0.935019
5993,5821,0.935019
11611,11752,0.935018
11752,11611,0.935018
3040,6104,0.934988
6104,3040,0.934988
6889,9368,0.934984
8787,9291,0.934884
6039,5643,0.934877
5643,6039,0.934877
10655,8679,0.934849
2010,6000,0.934846
6000,2010,0.934846
10987,11764,0.934754
3135,2705,0.934753
11447,11521,0.934724
4776,4777,0.934679
4777,4776,0.934679
2199,4858,0.934645
4858,2199,0.934645
5488,5776,0.934642
5776,5488,0.934642
8056,7453,0.934621
7453,8056,0.934621
8053,2634,0.934499
2634,8053,0.934499
2344,2988,0.934411
2988,2344,0.934411
11662,11649,0.934399
11649,11662,0.934399
11753,10655,0.934353
5464,1256,0.934287
1256,5464,0.934287
8087,7680,0.934285
4129,4062,0.934260
4062,4129,0.934260
7569,4918,0.934250
4918,7569,0.934250
6275,7918,0.934169
7918,6275,0.934169
7688,7931,0.934133
5444,12134,0.934125
487,516,0.933951
516,487,0.933951
6695,7439,0.933946
7439,6695,0.933946
2443,2988,0.933885
2733,5053,0.933855
9515,5488,0.933833
1448,11227,0.933749
11227,1448,0.933749
4958,4874,0.933733
4874,4958,0.933733
11808,11646,0.933724
11646,11808,0.933724
10772,10485,0.933718
7666,7513,0.933717
7513,7666,0.933717
9144,9139,0.933705
9139,9144,0.933705
8704,9144,0.933705
9144,8704,0.933705
11365,9804,0.933688
9804,11365,0.933688
11505,11695,0.933609
2348,2451,0.933590
4546,8388,0.933554
8388,4546,0.933554
4069,8152,0.933534
8152,4069,0.933534
4763,2590,0.933520
2531,2504,0.933452
8421,2408,0.933408
2408,8421,0.933408
7091,2948,0.933405
2948,7091,0.933405
6074,1447,0.933399
1447,6074,0.933399
12145,12142,0.933366
5234,4883,0.933322
4883,5234,0.933322
10954,8787,0.933243
8787,10954,0.933243
5640,11851,0.933204
11851,5640,0.933204
2144,2948,0.933190
2948,2144,0.933190
5021,8642,0.933179
8642,5021,0.933179
11103,8839,0.933157
8839,11103,0.933157
2183,8335,0.933073
8335,2183,0.933073
3098,4731,0.933055
11155,9118,0.932988
9118,11155,0.932988
5444,12151,0.932972
5545,5776,0.932967
5776,5545,0.932967
1840,7333,0.932961
7333,1840,0.932961
7751,4273,0.932889
4273,7751,0.932889
4897,2253,0.932883
2253,4897,0.932883
2443,5163,0.932820
4635,3029,0.932819
3029,4635,0.932819
7899,7841,0.932763
7918,2692,0.932659
7233,7076,0.932646
7076,7233,0.932646
10508,5816,0.932623
5816,10508,0.932623
4124,7860,0.932606
11869,5664,0.932606
5664,11869,0.932606
10387,11026,0.932603
4955,2758,0.932574
10475,10360,0.932536
11560,11753,0.932512
11753,11560,0.932512
6953,7205,0.932392
7205,6953,0.932392
2266,2215,0.932326
2215,2266,0.932326
4371,7324,0.932213
7324,4371,0.932213
12014,11982,0.932173
2295,8202,0.932157
8202,2295,0.932157
8651,9565,0.932143
8651,9560,0.932143
5748,9913,0.932109
9913,5748,0.932109
10083,9561,0.932088
9561,10083,0.932088
2851,11035,0.932044
11035,2851,0.932044
12124,12121,0.932013
10436,11493,0.932000
11493,10436,0.932000
3899,8007,0.931996
10409,10520,0.931894
10520,10409,0.931894
7091,2144,0.931855
2144,7091,0.931855
4649,2379,0.931840
2379,4649,0.931840
7312,10960,0.931831
10960,7312,0.931831
4450,2004,0.931823
2004,4450,0.931823
5884,5837,0.931803
5837,5884,0.931803
5969,8402,0.931791
1578,9995,0.931756
9995,1578,0.931756
5465,11519,0.931661
11519,5465,0.931661
4093,4062,0.931650
4062,4093,0.931650
6068,2099,0.931614
2099,6068,0.931614
5705,11262,0.931564
11262,5705,0.931564
7948,1953,0.931530
11028,10675,0.931496
5824,8426,0.931447
3555,3839,0.931432
3839,3555,0.931432
4763,5121,0.931400
3015,7014,0.931398
7014,3015,0.931398
1866,1878,0.931363
10410,9211,0.931256
9211,10410,0.931256
3948,3978,0.931252
1663,11254,0.931083
11254,1663,0.931083
12143,12142,0.931060
5823,5856,0.931019
5856,5823,0.931019
5837,10048,0.930968
10048,5837,0.930968
5921,12133,0.930960
12133,5921,0.930960
8791,3442,0.930900
3442,8791,0.930900
11060,8654,0.930859
8654,11060,0.930859
6071,7933,0.930813
7933,6071,0.930813
3044,1667,0.930812
1667,3044,0.930812
5545,5488,0.930786
2578,8485,0.930686
8485,2578,0.930686
3003,5137,0.930656
5137,3003,0.930656
9821,10326,0.930644
10326,9821,0.930644
6575,6608,0.930628
6608,6575,0.930628
2858,7212,0.930614
7212,2858,0.930614
2567,7380,0.930608
7380,2567,0.930608
8154,4300,0.930582
4300,8154,0.930582
5465,10524,0.930433
10524,5465,0.930433
10051,11376,0.930424
11376,10051,0.930424
9963,2895,0.930413
2895,9963,0.930413
6329,8820,0.930375
8820,6329,0.930375
7772,9658,0.930314
3962,4273,0.930252
4273,3962,0.930252
3065,5053,0.930222
4039,8010,0.930191
5331,11347,0.930174
11347,5331,0.930174
4612,4659,0.930158
4659,4612,0.930158
2168,4890,0.930128
11655,10853,0.930106
3899,8011,0.930034
9402,8881,0.930014
8881,9402,0.930014
9755,8881,0.929966
8821,10447,0.929962
10447,8821,0.929962
2196,2280,0.929950
2280,2196,0.929950
10081,9211,0.929932
9211,10081,0.929932
3880,7707,0.929851
7707,3880,0.929851
3315,9889,0.929826
9889,3316,0.929826
3316,9889,0.929826
9889,3315,0.929826
12014,11816,0.929804
2168,2376,0.929604
6031,6032,0.929576
6032,6031,0.929576
5012,4902,0.929563
4902,5012,0.929563
9231,7688,0.929540
8676,8707,0.929524
8707,8676,0.929524
8145,7887,0.929507
7887,8145,0.929507
2393,2684,0.929476
2684,2393,0.929476
1689,6347,0.929452
12067,12096,0.929451
2362,2537,0.929201
2537,2362,0.929201
7403,3980,0.929200
3980,7403,0.929200
11262,11861,0.929182
11861,11262,0.929182
1443,6329,0.929102
9721,1094,0.929022
1094,9721,0.929022
9270,1893,0.928972
1893,9270,0.928972
12124,12146,0.928968
2072,7781,0.928951
7781,2072,0.928951
7899,1919,0.928937
11662,11766,0.928862
11407,11174,0.928852
11174,11407,0.928852
11283,10787,0.928827
3175,3241,0.928824
3241,3175,0.928824
8424,2213,0.928812
5333,11975,0.928801
11975,5333,0.928801
8097,8099,0.928771
8099,8097,0.928771
11164,9153,0.928760
9153,11164,0.928760
9755,9176,0.928757
11749,11622,0.928733
11622,11749,0.928733
8465,8272,0.928726
3028,3135,0.928705
4926,2343,0.928683
2343,4926,0.928683
3843,3846,0.928683
3846,3843,0.928683
1741,6990,0.928639
6990,1741,0.928639
2544,2608,0.928629
2608,2544,0.928629
7396,3651,0.928618
3651,7396,0.928618
7732,8319,0.928519
8319,7732,0.928519
7753,3198,0.928490
3198,7753,0.928490
6575,6329,0.928484
9936,8463,0.928429
8463,9936,0.928429
1866,3770,0.928315
12013,6078,0.928230
6078,12013,0.928230
6457,5824,0.928223
11528,9858,0.928220
9858,11528,0.928220
4468,4973,0.928215
4468,4886,0.928215
2739,2040,0.928178
2040,2739,0.928178
8762,11717,0.928158
11717,8762,0.928158
4003,8031,0.928152
8031,4003,0.928152
2176,8222,0.928112
11509,11640,0.928093
11640,11509,0.928093
7760,3942,0.928058
3942,7760,0.928058
1193,1195,0.928013
1195,1193,0.928013
2033,4404,0.927904
4404,2033,0.927904
10708,5487,0.927903
5487,10708,0.927903
2418,2410,0.927830
2410,2418,0.927830
11802,11588,0.927817
11588,11802,0.927817
10090,9620,0.927802
9620,10090,0.927802
5879,3706,0.927772
3706,5879,0.927772
10345,11051,0.927762
11051,10345,0.927762
8831,2240,0.927747
2240,8831,0.927747
10785,10090,0.927734
10090,10785,0.927734
6232,2578,0.927711
733,734,0.927710
734,733,0.927710
5664,11897,0.927662
11897,5664,0.927662
11032,5153,0.927654
5153,11032,0.927654
2208,2213,0.927630
9769,7513,0.927580
6134,8820,0.927466
2208,8450,0.927450
4133,4118,0.927443
8053,2581,0.927420
2581,8053,0.927420
4703,7798,0.927391
12119,5732,0.927286
5732,12119,0.927286
6065,10675,0.927245
4941,9538,0.927164
9538,4941,0.927164
2365,2451,0.927126
2366,2451,0.927126
2245,2261,0.927067
11608,11492,0.927052
11492,11608,0.927052
1262,6136,0.927028
6136,1262,0.927028
6485,7312,0.927003
7312,6485,0.927003
2684,3056,0.926956
3056,2684,0.926956
8618,2240,0.926952
2240,8618,0.926952
5564,9907,0.926921
9907,5564,0.926921
11686,5465,0.926898
7885,7746,0.926887
7746,7885,0.926887
5236,2556,0.926853
9894,9393,0.926809
9393,9894,0.926809
6861,6329,0.926777
9981,11056,0.926658
11056,9981,0.926658
9700,9000,0.926632
9000,9700,0.926632
8454,9765,0.926614
9765,8454,0.926614
10665,3040,0.926613
3040,10665,0.926613
7718,2945,0.926601
9861,10208,0.926501
10208,9861,0.926501
7471,3040,0.926487
7536,5901,0.926471
5901,7536,0.926471
9608,3972,0.926446
9280,9344,0.926412
9344,9280,0.926412
2614,2649,0.926382
2649,2614,0.926382
8422,8439,0.926369
6179,172,0.926345
172,6179,0.926345
8524,8439,0.926313
7449,6071,0.926303
3771,1878,0.926300
2044,7761,0.926293
7761,2044,0.926293
801,799,0.926265
799,801,0.926265
8348,6364,0.926131
5875,7123,0.926072
7123,5875,0.926072
634,8583,0.926019
8583,634,0.926019
10572,9512,0.925941
9512,10572,0.925941
4786,4760,0.925931
4760,4786,0.925931
4557,8627,0.925921
8627,4557,0.925921
2428,9246,0.925906
9246,2428,0.925906
9306,10572,0.925838
2521,2945,0.925837
8476,8410,0.925791
10792,8849,0.925790
8849,10792,0.925790
1413,5475,0.925789
5475,1413,0.925789
4786,8444,0.925788
1734,6575,0.925783
8431,2228,0.925753
2228,8431,0.925753
6549,910,0.925714
910,6549,0.925714
5853,5905,0.925657
5905,5853,0.925657
8737,8736,0.925621
8746,8867,0.925552
8867,8746,0.925552
1591,1607,0.925543
1607,1591,0.925543
8431,4659,0.925486
12115,7976,0.925468
7976,12115,0.925468
6122,9522,0.925407
9522,6122,0.925407
6125,6140,0.925405
6140,6125,0.925405
6418,3635,0.925388
10716,11582,0.925384
11582,10716,0.925384
11323,9804,0.925224
9804,11323,0.925224
2045,2317,0.925143
2317,2045,0.925143
7601,4119,0.925086
9295,5343,0.925071
5343,9295,0.925071
9561,10063,0.925054
10063,9561,0.925054
8524,8466,0.925048
10891,10488,0.925045
10488,10891,0.925045
10086,11907,0.924968
11907,10086,0.924968
2257,8450,0.924946
2665,2786,0.924943
7418,3009,0.924933
4151,4216,0.924891
4216,4151,0.924891
9680,9606,0.924858
9606,9680,0.924858
9512,10485,0.924806
5169,7179,0.924772
7179,5169,0.924772
8922,9561,0.924700
12053,3464,0.924697
3464,12053,0.924697
8585,5012,0.924630
5012,8585,0.924630
5950,6064,0.924624
6064,5950,0.924624
10420,11056,0.924580
6551,8179,0.924560
8179,6551,0.924560
1475,1580,0.924500
1580,1475,0.924500
5257,7729,0.924460
7729,5257,0.924460
8758,8769,0.924437
1840,1830,0.924427
1830,1840,0.924427
786,787,0.924406
787,786,0.924406
8582,7718,0.924391
11507,11518,0.924389
10332,10819,0.924335
10819,10332,0.924335
3629,6245,0.924329
6245,3629,0.924329
12103,5911,0.924300
5911,12103,0.924300
7655,7513,0.924292
7057,6723,0.924245
6723,7057,0.924245
10387,9502,0.924242
5187,7380,0.924063
7380,5187,0.924063
331,7066,0.924003
7066,331,0.924003
11227,6753,0.923958
6753,11227,0.923958
5171,5204,0.923923
5204,5171,0.923923
9801,6028,0.923864
6028,9801,0.923864
8428,8424,0.923843
7946,8028,0.923815
8454,2219,0.923755
2219,8454,0.923755
11546,11955,0.923706
1004,1005,0.923706
1005,1004,0.923706
11407,11360,0.923681
11360,11407,0.923681
6117,9413,0.923678
9413,6117,0.923678
2245,2303,0.923588
11633,11561,0.923542
11561,11633,0.923542
3079,2785,0.923524
2785,3079,0.923524
1196,1193,0.923470
1193,1196,0.923470
6103,10444,0.923455
10444,6103,0.923455
8758,9155,0.923442
1961,7680,0.923428
2960,2518,0.923403
2518,2960,0.923403
11701,11774,0.923363
11774,11701,0.923363
10777,9419,0.923356
9419,10777,0.923356
2880,2518,0.923325
2518,2880,0.923325
2384,1510,0.923311
1510,2384,0.923311
9000,5828,0.923294
5828,9000,0.923294
7900,1985,0.923268
1985,7900,0.923268
4780,4777,0.923265
8476,4733,0.923257
10926,1484,0.923235
1484,10926,0.923235
5525,8039,0.923227
8039,5525,0.923227
10180,5384,0.923194
5384,10180,0.923194
12143,12139,0.923138
6514,5960,0.923063
9391,10960,0.923046
9605,10788,0.922870
11076,11789,0.922861
11789,11076,0.922861
5192,4269,0.922848
4269,5192,0.922848
6958,7223,0.922848
7223,6958,0.922848
3028,2705,0.922797
3111,2516,0.922791
2516,3111,0.922791
7445,7459,0.922788
7459,7445,0.922788
9396,10854,0.922769
7996,7660,0.922742
9605,9256,0.922729
6669,10558,0.922673
10558,6669,0.922673
10122,11745,0.922584
11745,10122,0.922584
7933,7449,0.922496
7449,7933,0.922496
329,5191,0.922481
5191,329,0.922481
8428,8421,0.922459
8531,8455,0.922428
8455,8531,0.922428
10111,6000,0.922425
6000,10111,0.922425
3948,3972,0.922384
11321,11669,0.922374
11669,11321,0.922374
10933,10772,0.922300
7986,3948,0.922286
2199,2282,0.922274
9897,10325,0.922235
10325,9897,0.922235
11471,10520,0.922192
10520,11471,0.922192
12155,12165,0.922184
12165,12155,0.922184
8768,8691,0.922082
3472,6732,0.922078
6732,3472,0.922078
4263,3744,0.922054
3744,4263,0.922054
11443,11493,0.922047
11493,11443,0.922047
5151,2567,0.922036
2532,8402,0.922007
11861,12110,0.922005
8348,3044,0.921985
3013,4731,0.921968
3087,3170,0.921946
1586,1760,0.921943
5345,9620,0.921830
9620,5345,0.921830
11249,5906,0.921809
5906,11249,0.921809
11907,5924,0.921746
5924,11907,0.921746
7791,8111,0.921602
8111,7791,0.921602
10990,9981,0.921587
4730,4659,0.921514
3143,2705,0.921435
1269,11263,0.921405
11263,1269,0.921405
10933,11193,0.921318
8161,2144,0.921313
5042,2549,0.921298
8173,4444,0.921253
4444,8173,0.921253
8912,10660,0.921242
10660,8912,0.921242
4106,4118,0.921242
7746,7958,0.921213
12165,5762,0.921102
5762,12165,0.921102
10418,8900,0.921100
8900,10418,0.921100
4134,4653,0.921064
4653,4134,0.921064
2257,8581,0.921035
5780,5858,0.921024
10184,1785,0.920970
2620,4160,0.920967
4160,2620,0.920967
7601,2122,0.920961
6418,6402,0.920940
3022,3040,0.920915
673,672,0.920911
672,673,0.920911
5668,2872,0.920824
2872,5668,0.920824
3704,5098,0.920818
5098,3704,0.920818
4133,4097,0.920791
11364,11341,0.920755
11341,11364,0.920755
9515,5545,0.920714
3493,3296,0.920651
11032,2723,0.920649
2723,11032,0.920649
4266,5192,0.920631
5192,4266,0.920631
6760,6752,0.920608
6752,6760,0.920608
9779,9176,0.920603
2148,9612,0.920546
9612,2148,0.920546
7387,8501,0.920504
8501,7387,0.920504
1722,1627,0.920499
1627,1722,0.920499
3416,1314,0.920497
1314,3416,0.920497
5938,11907,0.920488
8395,2583,0.920482
2583,8395,0.920482
11749,11799,0.920468
11799,11749,0.920468
9419,10960,0.920457
4416,4198,0.920400
4198,4416,0.920400
4874,4953,0.920314
4953,4874,0.920314
11734,11515,0.920298
11515,11734,0.920298
4780,4778,0.920264
7379,6589,0.920232
6589,7379,0.920232
7655,7671,0.920226
3065,2576,0.920216
9912,5418,0.920205
5418,9912,0.920205
11938,11905,0.920163
11905,11938,0.920163
4933,7065,0.920099
7065,4933,0.920099
5036,6599,0.920091
6599,5036,0.920091
10702,9486,0.920078
9486,10702,0.920078
9858,11463,0.920013
11463,9858,0.920013
5285,6240,0.919967
6240,5285,0.919967
1197,1198,0.919966
5042,2482,0.919947
5476,5884,0.919927
11878,11916,0.919873
11916,11878,0.919873
4134,2494,0.919800
2494,4134,0.919800
10500,5913,0.919768
5913,10500,0.919768
11931,11927,0.919714
11927,11931,0.919714
2191,4444,0.919689
4444,2191,0.919689
11718,10671,0.919644
10671,11718,0.919644
6555,6032,0.919637
6032,6555,0.919637
8229,9816,0.919566
9566,8922,0.919563
8922,9566,0.919563
7154,7394,0.919531
7293,7199,0.919486
7199,7293,0.919486
6135,1567,0.919440
1567,6135,0.919440
2111,8348,0.919437
10093,8922,0.919422
5736,12140,0.919407
2532,2752,0.919355
10616,8951,0.919349
8951,10616,0.919349
3241,8313,0.919339
5725,12112,0.919265
12112,5725,0.919265
11528,11463,0.919254
11463,11528,0.919254
2133,2134,0.919251
2134,2133,0.919251
8078,4184,0.919246
4184,8078,0.919246
4022,4042,0.919201
4042,4022,0.919201
8015,4022,0.919071
4022,8015,0.919071
5256,4691,0.919061
4691,5256,0.919061
3177,7471,0.919056
7471,3177,0.919056
3980,3723,0.919053
3723,3980,0.919053
4585,8618,0.919040
4703,5034,0.918995
6476,6551,0.918989
6551,6476,0.918989
4927,5135,0.918976
5135,4927,0.918976
11347,11089,0.918968
11089,11347,0.918968
12056,11892,0.918953
11892,12056,0.918953
7791,7007,0.918858
7007,7791,0.918858
8412,8397,0.918834
2472,5028,0.918803
5028,2472,0.918803
5137,7065,0.918725
7065,5137,0.918725
4450,6167,0.918709
6167,4450,0.918709
9582,1528,0.918682
1528,9582,0.918682
3087,5247,0.918634
7728,2607,0.918608
1626,11517,0.918571
11517,1626,0.918571
10246,10234,0.918549
10234,10246,0.918549
3587,9574,0.918539
9574,3587,0.918539
8130,4274,0.918477
4274,8130,0.918477
11283,11662,0.918466
10916,11646,0.918463
7824,8095,0.918451
8095,7824,0.918451
3311,2445,0.918440
2445,3311,0.918440
8715,9281,0.918405
9281,8715,0.918405
7267,5824,0.918397
10068,10033,0.918366
10033,10068,0.918366
9787,3258,0.918223
3258,9787,0.918223
6189,10651,0.918208
10651,6189,0.918208
9257,5901,0.918205
5901,9257,0.918205
12120,9915,0.918196
9915,12120,0.918196
11487,11521,0.918177
6212,2779,0.918169
2779,6212,0.918169
10832,6000,0.918168
2298,2323,0.918153
2323,2298,0.918153
9612,2952,0.918139
2952,9612,0.918139
5370,11135,0.918109
7267,2246,0.918076
1210,1209,0.918062
1209,1210,0.918062
3666,7462,0.918054
7462,3666,0.918054
2139,3705,0.918014
3705,2139,0.918014
11443,9458,0.918012
9458,11443,0.918012
8408,6332,0.917962
6332,8408,0.917962
11173,9191,0.917848
9191,11173,0.917848
8967,3315,0.917755
2307,4171,0.917746
4171,2307,0.917746
2308,4171,0.917746
4171,2308,0.917746
1443,1734,0.917735
6760,6761,0.917711
6761,6760,0.917711
10937,11663,0.917706
11663,10937,0.917706
1564,5957,0.917706
5957,1564,0.917706
3896,7948,0.917688
2501,2391,0.917658
6125,1507,0.917646
1507,6125,0.917646
1204,1202,0.917631
1202,1204,0.917631
11307,11321,0.917598
11570,10671,0.917589
10671,11570,0.917589
2477,4475,0.917561
4475,2477,0.917561
736,737,0.917504
737,736,0.917504
11738,11583,0.917484
11583,11738,0.917484
2045,8613,0.917481
8613,2045,0.917481
7171,2045,0.917474
3177,3040,0.917424
1626,11709,0.917395
11709,1626,0.917395
9306,10933,0.917358
10039,11528,0.917309
9107,10804,0.917269
623,8217,0.917261
8217,623,0.917261
2260,8258,0.917260
8789,5690,0.917031
5690,8789,0.917031
7701,7821,0.916984
7996,7441,0.916978
9790,7942,0.916966
10305,8679,0.916950
5951,9392,0.916939
9392,5951,0.916939
6722,2719,0.916869
2719,6722,0.916869
9110,2407,0.916869
2407,9110,0.916869
5741,9809,0.916860
9809,5741,0.916860
7670,7606,0.916838
7606,7670,0.916838
1602,6209,0.916793
561,560,0.916787
560,561,0.916787
450,2030,0.916763
2030,450,0.916763
8747,9155,0.916717
4272,4116,0.916716
4116,4272,0.916716
5615,5555,0.916716
5555,5615,0.916716
9568,10023,0.916674
10023,9568,0.916674
1959,4140,0.916629
4140,1959,0.916629
11453,11902,0.916566
11902,11453,0.916566
11710,10772,0.916561
3705,4631,0.916557
4631,3705,0.916557
9574,1798,0.916524
1798,9574,0.916524
4637,10832,0.916516
11865,6918,0.916506
6918,11865,0.916506
9608,3948,0.916399
2426,3008,0.916365
4585,8831,0.916356
11388,8880,0.916282
8880,11388,0.916282
8412,2239,0.916229
8455,2279,0.916216
2279,8455,0.916216
1928,6068,0.916209
5128,4506,0.916196
4506,5128,0.916196
9779,9755,0.916187
8734,8768,0.916167
9728,3370,0.916162
3370,9728,0.916162
5151,5187,0.916129
11761,6125,0.916111
515,455,0.916067
455,515,0.916067
6668,7462,0.916037
7462,6668,0.916037
2301,8575,0.915980
8575,2301,0.915980
3270,4926,0.915930
4926,3270,0.915930
8331,4714,0.915878
4714,8331,0.915878
5157,4134,0.915863
12031,3479,0.915852
3479,12031,0.915852
7226,3002,0.915831
3002,7226,0.915831
11591,10987,0.915809
4106,4003,0.915791
11510,10487,0.915756
10487,11510,0.915756
4417,4335,0.915737
4335,4417,0.915737
8485,2637,0.915697
2637,8485,0.915697
9391,7312,0.915676
2750,7870,0.915669
7870,2750,0.915669
7377,3258,0.915661
3258,7377,0.915661
2348,2289,0.915582
4662,2750,0.915556
2750,4662,0.915556
3957,4615,0.915528
4615,3957,0.915528
4098,8042,0.915510
8042,4098,0.915510
10688,11764,0.915505
2080,10190,0.915482
10190,2080,0.915482
11606,3335,0.915462
3335,11606,0.915462
7811,11058,0.915433
11058,7811,0.915433
10659,11565,0.915426
11565,10659,0.915426
6398,7487,0.915404
7487,6398,0.915404
10959,11672,0.915344
11672,10959,0.915344
2089,6174,0.915343
6174,2089,0.915343
11663,5584,0.915268
5584,11663,0.915268
6023,1505,0.915264
1505,6023,0.915264
7886,7844,0.915260
11626,11609,0.915238
11609,11626,0.915238
3753,3868,0.915235
3868,3753,0.915235
7874,1844,0.915232
1844,7874,0.915232
10872,10991,0.915205
10991,10872,0.915205
2260,2056,0.915198
2456,2602,0.915120
2602,2456,0.915120
9950,10325,0.915061
10325,9950,0.915061
7707,2236,0.915040
2236,7707,0.915040
11360,11390,0.914993
11390,11360,0.914993
2641,5137,0.914981
8808,5705,0.914980
8141,4273,0.914966
10041,8922,0.914928
4683,1862,0.914909
1447,1418,0.914901
1418,1447,0.914901
9049,10431,0.914893
10431,9049,0.914893
5772,5973,0.914857
5973,5772,0.914857
3461,6122,0.914766
6122,3461,0.914766
4124,7551,0.914748
5982,6042,0.914746
6042,5982,0.914746
9790,7842,0.914738
8229,1907,0.914712
6177,5329,0.914704
5329,6177,0.914704
4646,4783,0.914663
1591,6955,0.914658
6955,1591,0.914658
4856,4874,0.914645
4073,4020,0.914636
4020,4073,0.914636
2191,8173,0.914614
8173,2191,0.914614
8031,4106,0.914612
3550,12096,0.914583
10785,11254,0.914547
11254,10785,0.914547
2688,2476,0.914541
2476,2688,0.914541
11564,10621,0.914530
10621,11564,0.914530
5586,5906,0.914498
5906,5586,0.914498
9690,11059,0.914461
4632,4622,0.914456
4622,4632,0.914456
4421,4054,0.914448
4054,4421,0.914448
10016,10431,0.914419
10431,10016,0.914419
6726,2521,0.914398
8551,7931,0.914347
10248,5418,0.914342
7944,4258,0.914277
5370,8689,0.914248
5525,8805,0.914246
8805,5525,0.914246
3129,5257,0.914243
5257,3129,0.914243
8511,2199,0.914211
10714,11581,0.914120
11581,10714,0.914120
5736,10737,0.914108
11874,11878,0.914106
11878,11874,0.914106
9809,12035,0.914048
12035,9809,0.914048
10115,10093,0.914041
4730,8431,0.914020
12144,12145,0.914016
10418,10379,0.914009
10379,10418,0.914009
7894,2046,0.914009
7383,10745,0.913993
10745,7383,0.913993
11492,11319,0.913928
11319,11492,0.913928
8116,4497,0.913919
5849,9288,0.913869
9288,5849,0.913869
11669,11307,0.913866
11307,11669,0.913866
5753,5682,0.913845
5682,5753,0.913845
1560,1627,0.913704
1625,1442,0.913689
1442,1625,0.913689
7125,7167,0.913645
7167,7125,0.913645
5656,11860,0.913636
11860,5656,0.913636
12125,326,0.913565
326,12125,0.913565
1797,9110,0.913539
9110,1797,0.913539
10408,8408,0.913510
8408,10408,0.913510
6671,8820,0.913479
11710,11586,0.913469
9526,9672,0.913468
9672,9526,0.913468
7859,8174,0.913424
8174,7859,0.913424
1553,1557,0.913415
1557,1553,0.913415
6726,3139,0.913328
5780,5910,0.913318
9993,7973,0.913310
9039,10198,0.913260
10198,9039,0.913260
7626,6722,0.913246
6722,7626,0.913246
1444,1443,0.913203
10184,7187,0.913194
9568,2897,0.913122
2897,9568,0.913122
4103,4093,0.913073
4264,4274,0.913047
4274,4264,0.913047
8116,1579,0.913039
8635,7656,0.913014
1617,6230,0.913012
6230,1617,0.913012
3959,3982,0.913008
3982,3959,0.913008
4986,5126,0.912981
5126,4986,0.912981
4776,4778,0.912946
3236,3180,0.912867
3180,3236,0.912867
6540,2474,0.912830
2474,6540,0.912830
4172,2375,0.912759
2375,4172,0.912759
1279,9065,0.912742
9065,1279,0.912742
5222,8616,0.912726
8616,5222,0.912726
9289,9471,0.912705
9471,9289,0.912705
7536,7997,0.912659
7997,7536,0.912659
7917,7961,0.912635
7961,7917,0.912635
8044,4890,0.912621
11761,1507,0.912602
1507,11761,0.912602
531,458,0.912597
458,531,0.912597
11487,11586,0.912578
7609,2410,0.912538
2410,7609,0.912538
8280,9748,0.912525
9748,8280,0.912525
8734,8739,0.912521
6414,3521,0.912468
3521,6414,0.912468
7991,3881,0.912426
2203,2258,0.912365
11316,9844,0.912290
9844,11316,0.912290
10621,10660,0.912233
8327,8331,0.912173
8331,8327,0.912173
11390,11407,0.912159
10697,10941,0.912080
10941,10697,0.912080
11897,11869,0.912049
11869,11897,0.912049
2223,2537,0.912039
2537,2223,0.912039
1560,1722,0.912031
1767,7052,0.912028
7052,1767,0.912028
10921,11059,0.911960
11683,11515,0.911933
11515,11683,0.911933
9838,5794,0.911905
5794,9838,0.911905
9448,1507,0.911806
4757,4838,0.911799
4838,4757,0.911799
1540,6230,0.911795
6003,5715,0.911774
5715,6003,0.911774
5238,4876,0.911774
4876,5238,0.911774
9573,6728,0.911772
1708,7439,0.911767
7439,1708,0.911767
7751,8141,0.911565
8141,7751,0.911565
10425,11527,0.911544
11527,10425,0.911544
2652,3073,0.911421
3073,2652,0.911421
3779,1893,0.911402
1893,3779,0.911402
2565,4876,0.911374
11340,11826,0.911332
11826,11340,0.911332
7154,7135,0.911309
11631,11583,0.911271
9164,5853,0.911229
4649,4716,0.911188
4716,4649,0.911188
4862,4874,0.911155
6076,8004,0.911154
8004,6076,0.911154
2315,2477,0.911150
11338,11339,0.911131
11339,11338,0.911131
11700,11802,0.911106
11802,11700,0.911106
5345,1663,0.911092
1663,5345,0.911092
8835,8843,0.911000
11440,11106,0.910938
11106,11440,0.910938
8852,8023,0.910923
8023,8852,0.910923
9124,9110,0.910909
2109,2245,0.910841
3254,9740,0.910815
9740,3254,0.910815
11147,11144,0.910815
11144,11147,0.910815
2645,5137,0.910790
6590,6975,0.910769
6975,6590,0.910769
6530,7459,0.910756
7459,6530,0.910756
4637,10111,0.910722
3472,4965,0.910710
4965,3472,0.910710
9890,10742,0.910704
10742,9890,0.910704
8510,8228,0.910620
8228,8510,0.910620
3330,9513,0.910592
9513,3330,0.910592
167,5866,0.910584
5866,167,0.910584
10490,3423,0.910512
3423,10490,0.910512
2026,4469,0.910499
4469,2026,0.910499
9698,9876,0.910475
9876,9698,0.910475
10782,11610,0.910459
11610,10782,0.910459
7643,2337,0.910419
2337,7643,0.910419
3129,7729,0.910338
9903,9755,0.910311
8478,4965,0.910224
5599,1480,0.910162
1480,5599,0.910162
6688,7057,0.910155
3897,3914,0.910090
3914,3897,0.910090
5472,9257,0.910078
9257,5472,0.910078
9845,9755,0.910010
11738,11496,0.910001
6160,10362,0.909985
10362,6160,0.909985
8299,7664,0.909973
3493,11846,0.909950
4664,5616,0.909934
5616,4664,0.909934
4336,2572,0.909890
2572,4336,0.909890
11340,1285,0.909844
1285,11340,0.909844
11174,11360,0.909833
2072,4574,0.909784
4574,2072,0.909784
1938,4043,0.909778
4113,4202,0.909752
4011,8062,0.909724
8062,4011,0.909724
4664,1523,0.909658
1523,4664,0.909658
4439,4492,0.909622
4492,4439,0.909622
7271,8463,0.909593
8463,7271,0.909593
9690,8679,0.909566
7944,9668,0.909525
1708,7057,0.909515
6479,8475,0.909469
8475,6479,0.909469
3370,9662,0.909445
9662,3370,0.909445
5476,10048,0.909444
9438,9660,0.909443
9660,9438,0.909443
9903,9842,0.909408
9842,9903,0.909408
10063,8922,0.909406
12089,6741,0.909344
6741,12089,0.909344
6710,7791,0.909340
7461,7555,0.909327
7555,7461,0.909327
4422,10504,0.909305
10504,4422,0.909305
10591,11538,0.909260
11538,10591,0.909260
10345,9981,0.909245
2969,5136,0.909223
5136,2969,0.909223
872,855,0.909190
855,872,0.909190
2982,5424,0.909186
5424,2982,0.909186
2062,5003,0.909185
5003,2062,0.909185
2449,4655,0.909153
4655,2449,0.909153
5122,3017,0.909143
3017,5122,0.909143
7586,7687,0.909138
7687,7586,0.909138
6232,8485,0.909112
10625,8032,0.909100
8032,10625,0.909100
6710,7007,0.909084
9600,5967,0.909019
5967,9600,0.909019
3962,8141,0.909000
5035,5482,0.908990
5482,5035,0.908990
10530,9360,0.908969
9360,10530,0.908969
6411,7996,0.908943
10969,10305,0.908937
10305,10969,0.908937
8947,8838,0.908910
5737,5345,0.908907
8098,8099,0.908901
8099,8098,0.908901
12027,3485,0.908879
3485,12027,0.908879
5289,5840,0.908850
5840,5289,0.908850
7171,2317,0.908839
2109,2261,0.908812
6026,5962,0.908809
5962,6026,0.908809
11723,11957,0.908804
11957,11723,0.908804
4335,4459,0.908799
4459,4335,0.908799
7889,1544,0.908768
1544,7889,0.908768
7830,4643,0.908695
4596,4054,0.908656
4054,4596,0.908656
334,336,0.908628
336,334,0.908628
373,374,0.908565
374,373,0.908565
10041,9566,0.908551
10377,9115,0.908529
9115,10377,0.908529
5969,2096,0.908508
33,32,0.908453
32,33,0.908453
8335,8167,0.908426
8167,8335,0.908426
4078,4202,0.908375
2617,3855,0.908348
3855,2617,0.908348
1727,8764,0.908329
8764,1727,0.908329
11159,11172,0.908316
11172,11159,0.908316
8983,5401,0.908296
5401,8983,0.908296
5710,12021,0.908268
2080,2578,0.908222
11698,7450,0.908174
6837,6216,0.908142
6216,6837,0.908142
5715,1442,0.908134
8462,2199,0.908114
11763,11701,0.908081
11701,11763,0.908081
5946,6254,0.908069
6254,5946,0.908069
10626,11550,0.908037
11550,10626,0.908037
6031,9966,0.908035
9966,6031,0.908035
2353,2443,0.908019
8245,4611,0.907988
4611,8245,0.907988
8470,8451,0.907914
8451,8470,0.907914
7991,10278,0.907899
3359,3429,0.907765
3429,3359,0.907765
7712,7479,0.907757
7479,7712,0.907757
8635,8602,0.907745
2510,2664,0.907742
2664,2510,0.907742
5472,5901,0.907738
9965,9781,0.907736
9781,9965,0.907736
6198,6347,0.907734
436,435,0.907693
435,436,0.907693
11517,10785,0.907623
1450,1447,0.907598
5587,3412,0.907583
3412,5587,0.907583
2898,2899,0.907567
2899,2898,0.907567
2273,8022,0.907556
11828,11832,0.907517
11832,11828,0.907517
1211,1214,0.907510
1214,1211,0.907510
5360,1349,0.907509
1349,5360,0.907509
6089,6085,0.907503
6085,6089,0.907503
5402,9155,0.907484
4646,5037,0.907450
5130,5234,0.907425
5234,5130,0.907425
11280,11626,0.907360
11626,11280,0.907360
5243,4999,0.907339
4999,5243,0.907339
3207,5168,0.907320
5168,3207,0.907320
5849,9355,0.907215
9355,5849,0.907215
5475,5950,0.907204
1555,12031,0.907198
12031,1555,0.907198
3092,7643,0.907190
7643,3092,0.907190
6700,7616,0.907181
7616,6700,0.907181
1282,11609,0.907119
11609,1282,0.907119
9138,9131,0.907114
9131,9138,0.907114
7410,7336,0.907103
7336,7410,0.907103
11630,11509,0.907099
11509,11630,0.907099
4938,5059,0.907080
5059,4938,0.907080
4655,4266,0.906990
410,411,0.906972
411,410,0.906972
5977,3459,0.906952
3459,5977,0.906952
3335,10773,0.906902
10773,3335,0.906902
10246,10213,0.906901
10213,10246,0.906901
6249,6515,0.906850
6515,6249,0.906850
450,469,0.906844
469,450,0.906844
7674,7996,0.906814
11474,11447,0.906769
11633,10828,0.906713
10828,11633,0.906713
1480,1335,0.906675
1335,1480,0.906675
11276,11745,0.906642
7824,7449,0.906637
6750,6741,0.906626
6741,6750,0.906626
10855,10795,0.906624
10795,10855,0.906624
7606,7660,0.906616
11105,8824,0.906597
8824,11105,0.906597
9138,9141,0.906572
9141,9138,0.906572
1938,1939,0.906567
9014,2258,0.906532
1602,1574,0.906510
3783,4683,0.906472
4683,3783,0.906472
783,784,0.906450
784,783,0.906450
7012,9270,0.906421
9270,7012,0.906421
2475,2443,0.906408
2545,8616,0.906405
8616,2545,0.906405
5659,8967,0.906401
503,519,0.906357
519,503,0.906357
8161,2948,0.906323
2408,8428,0.906315
1830,7319,0.906304
7319,1830,0.906304
8282,8319,0.906294
8319,8282,0.906294
11172,9250,0.906275
9250,11172,0.906275
446,11289,0.906265
11289,446,0.906265
8940,10689,0.906263
10689,8940,0.906263
8949,9191,0.906239
9191,8949,0.906239
6074,1418,0.906225
1418,6074,0.906225
1564,1591,0.906224
8265,2280,0.906199
2280,8265,0.906199
1523,5616,0.906160
5616,1523,0.906160
2074,2181,0.906133
2181,2074,0.906133
2343,2426,0.906077
3411,11533,0.906053
11533,3411,0.906053
4910,4196,0.906030
4196,4910,0.906030
9707,9523,0.906025
9523,9707,0.906025
5342,5643,0.905977
5643,5342,0.905977
4737,8439,0.905971
3022,7471,0.905965
10873,9512,0.905960
11574,9049,0.905934
11450,11573,0.905924
10730,3129,0.905909
6099,8981,0.905870
8981,6099,0.905870
3441,5584,0.905862
5584,3441,0.905862
5143,5047,0.905835
5143,4755,0.905835
10571,11496,0.905825
11457,3340,0.905788
3340,11457,0.905788
2203,8441,0.905777
1783,6888,0.905776
6888,1783,0.905776
3387,10340,0.905642
10340,3387,0.905642
5607,6717,0.905625
6717,5607,0.905625
10831,6600,0.905610
6600,10831,0.905610
10122,10387,0.905498
5236,2412,0.905452
7122,5885,0.905370
5885,7122,0.905370
9840,9617,0.905353
9617,9840,0.905353
10699,11576,0.905337
11576,10699,0.905337
1456,1262,0.905335
1262,1456,0.905335
7616,7459,0.905318
8436,5649,0.905276
5649,8436,0.905276
4933,5137,0.905260
9907,11845,0.905248
11845,9907,0.905248
5401,9272,0.905204
9272,5401,0.905204
5134,2336,0.905202
6103,6126,0.905168
6126,6103,0.905168
2962,5115,0.905106
1928,4690,0.905085
5579,5553,0.905066
5553,5579,0.905066
12069,5753,0.905043
5753,12069,0.905043
751,752,0.905033
752,751,0.905033
10902,11633,0.905021
7368,2590,0.904995
12144,12137,0.904987
7910,2225,0.904951
7310,4876,0.904933
3358,11568,0.904927
11568,3358,0.904927
6954,6590,0.904921
6590,6954,0.904921
7329,7340,0.904807
7340,7329,0.904807
10461,10571,0.904795
5638,5609,0.904665
5609,5638,0.904665
2411,2785,0.904626
1769,6741,0.904574
1778,9748,0.904566
9748,1778,0.904566
8379,4838,0.904558
4838,8379,0.904558
1504,1507,0.904556
582,581,0.904550
581,582,0.904550
9268,10572,0.904538
10534,9637,0.904511
9637,10534,0.904511
1138,1137,0.904464
1137,1138,0.904464
5625,5056,0.904365
5056,5625,0.904365
6752,6761,0.904353
6761,6752,0.904353
6671,6575,0.904334
8165,4474,0.904301
5700,9568,0.904256
7910,8489,0.904223
3270,2343,0.904215
3919,7514,0.904188
7514,3919,0.904188
8646,2451,0.904157
1797,2407,0.904144
2407,1797,0.904144
7866,3657,0.904137
3657,7866,0.904137
1197,1199,0.904101
8302,6798,0.904036
6798,8302,0.904036
1625,6003,0.904022
1209,1213,0.903983
1213,1209,0.903983
11660,11560,0.903981
8737,8769,0.903959
11698,2489,0.903934
3719,6477,0.903888
6477,3719,0.903888
4553,4057,0.903887
4057,4553,0.903887
6142,3566,0.903855
3566,6142,0.903855
1607,6955,0.903855
6955,1607,0.903855
7426,8484,0.903824
8484,7426,0.903824
114,8219,0.903818
8219,114,0.903818
7245,7319,0.903770
5477,2859,0.903766
2859,5477,0.903766
7689,4730,0.903765
5402,8768,0.903722
10115,9566,0.903694
1930,3899,0.903682
6062,5751,0.903650
5751,6062,0.903650
8460,8439,0.903616
2337,1889,0.903602
1889,2337,0.903602
5342,6039,0.903583
6039,5342,0.903583
2353,2988,0.903571
1373,2589,0.903560
6180,8128,0.903555
8128,6180,0.903555
2211,2537,0.903484
7986,3978,0.903462
4858,8462,0.903413
8462,4858,0.903413
1497,2384,0.903404
2384,1497,0.903404
11676,10995,0.903395
10995,11676,0.903395
3462,3461,0.903339
8299,2261,0.903336
955,956,0.903317
11686,10524,0.903309
2851,9015,0.903278
9015,2851,0.903278
4907,4838,0.903243
4700,4887,0.903158
2779,3198,0.903129
9448,6125,0.903103
2644,3079,0.903095
3079,2644,0.903095
6644,7996,0.903077
1171,1177,0.903055
1177,1171,0.903055
9660,9788,0.903011
9788,9660,0.903011
9034,10483,0.902992
10483,9034,0.902992
5957,1442,0.902991
10276,9763,0.902989
9763,10276,0.902989
3092,4841,0.902972
4841,3092,0.902972
1586,6645,0.902936
11497,11799,0.902879
11799,11497,0.902879
7479,7644,0.902876
7644,7479,0.902876
8840,4498,0.902871
4498,8840,0.902871
2488,5163,0.902869
1373,2502,0.902712
9392,2721,0.902702
2721,9392,0.902702
5829,2068,0.902672
2068,5829,0.902672
5995,7958,0.902653
2558,2015,0.902627
2015,2558,0.902627
7308,1840,0.902578
1582,10675,0.902534
1212,1214,0.902532
1214,1212,0.902532
4369,4216,0.902515
4216,4369,0.902515
8860,1626,0.902445
3435,5741,0.902432
4324,4172,0.902425
4172,4324,0.902425
9060,10800,0.902419
10800,9060,0.902419
10885,11614,0.902411
11614,10885,0.902411
5023,7488,0.902355
7488,5023,0.902355
8512,2343,0.902327
4471,8402,0.902281
7404,1830,0.902243
6457,4752,0.902232
7698,5236,0.902219
1742,2074,0.902178
2074,1742,0.902178
7828,7885,0.902176
4699,4714,0.902169
5737,9620,0.902167
7368,5058,0.902151
10862,10856,0.902134
10856,10862,0.902134
11120,8903,0.902127
8903,11120,0.902127
11022,1528,0.902122
10916,11821,0.902099
11450,11253,0.902059
7041,7488,0.902039
7488,7041,0.902039
2645,3003,0.902033
3003,2645,0.902033
8855,1656,0.902012
1656,8855,0.902012
8460,8444,0.902000
7830,2119,0.901961
11656,11301,0.901916
11301,11656,0.901916
3585,3785,0.901913
3785,3585,0.901913
11127,10001,0.901894
10001,11127,0.901894
11533,11521,0.901882
10629,11738,0.901876
9224,9566,0.901835
12000,12067,0.901805
10298,10240,0.901756
10240,10298,0.901756
7269,1830,0.901694
3957,4596,0.901653
5171,2725,0.901628
2725,5171,0.901628
1505,6115,0.901616
6115,1505,0.901616
4594,8569,0.901545
8569,4594,0.901545
5638,1339,0.901491
1339,5638,0.901491
5922,5457,0.901477
5457,5922,0.901477
9490,10857,0.901418
10857,9490,0.901418
531,442,0.901342
442,531,0.901342
8336,2228,0.901277
2228,8336,0.901277
6781,3585,0.901269
3585,6781,0.901269
11116,9089,0.901264
9089,11116,0.901264
3201,5137,0.901260
10060,1836,0.901205
1836,10060,0.901205
2865,5579,0.901173
5579,2865,0.901173
11634,9107,0.901135
7916,3868,0.901133
3868,7916,0.901133
4843,6775,0.901117
6775,4843,0.901117
5989,6121,0.901065
6121,5989,0.901065
12152,11496,0.901055
5381,5913,0.901051
5913,5381,0.901051
2609,2685,0.900994
2685,2609,0.900994
5773,6092,0.900979
6092,5773,0.900979
1889,7643,0.900939
4871,2233,0.900926
9727,10001,0.900887
10001,9727,0.900887
10313,11447,0.900802
2956,10578,0.900790
10578,2956,0.900790
7669,7671,0.900769
8912,11564,0.900685
4798,4671,0.900673
4671,4798,0.900673
11144,9079,0.900614
9079,11144,0.900614
9227,1626,0.900608
2488,2443,0.900607
10008,10145,0.900597
10145,10008,0.900597
2111,3044,0.900596
11040,5824,0.900577
10547,10431,0.900556
4431,7514,0.900543
7514,4431,0.900543
7311,1830,0.900522
145,146,0.900503
146,145,0.900503
504,531,0.900440
5487,1737,0.900432
1737,5487,0.900432
6198,6389,0.900405
5562,5579,0.900391
6123,5846,0.900369
5846,6123,0.900369
10117,9894,0.900368
9894,10117,0.900368
11249,1391,0.900350
1391,11249,0.900350
4067,4208,0.900345
4208,4067,0.900345
6544,6807,0.900342
8747,8758,0.900308
4675,2273,0.900299
7826,6726,0.900299
6871,7181,0.900291
7181,6871,0.900291
1506,7109,0.900277
7109,1506,0.900277
4424,4264,0.900267
4264,4424,0.900267
7458,3666,0.900261
5642,5081,0.900257
5081,5642,0.900257
5596,5190,0.900256
5190,5596,0.900256
8435,8238,0.900242
8238,8435,0.900242
10861,10859,0.900213
10859,10861,0.900213
2375,4324,0.900178
3001,3275,0.900171
3275,3001,0.900171
8228,2273,0.900168
7669,7631,0.900164
6034,6031,0.900142
8328,4659,0.900113
4076,4067,0.900108
4067,4076,0.900108
9344,9389,0.900100
11540,10122,0.900065
10118,11751,0.900059
11751,10118,0.900059
6374,6670,0.900044
6670,6374,0.900044
8482,8407,0.900026
8407,8482,0.900026
6089,6024,0.900017
6024,6089,0.900017
11261,2256,0.900002
